run_id,scenario,label,timestamp,Q_PITCH,Q_PITCH_RATE,Q_VEL,R,KP_V,KI_V,KP_YAW,KI_YAW,LEG_K_S,LEG_B_S,LEG_K_ROLL,LEG_D_ROLL,rms_pitch_deg,max_pitch_deg,wheel_travel_m,wheel_liftoff_s,vel_track_rms_ms,settle_time_s,survived_s,fitness_balance,fitness_disturbance,fitness_drive_slow,fitness_drive_med,fitness_obstacle,fitness,status,fail_reason
1,5_VEL_PI_leg_cycling,evo_seed,2026-03-20 13:08:21,,,,,0.053662,6.45113,,,,,,,13.7552,17.5942,31.453,5.28,3.2593,13.0,13.0,,,,,,11.1534,PASS,
5,5_VEL_PI_leg_cycling,evo_g000000_c3,2026-03-20 13:08:22,,,,,0.16702,17.028836,,,,,,,13.7682,31.1584,12.0326,2.122,4.1376,13.0,4.604,,,,,,213.7896,FAIL,fell over
7,5_VEL_PI_leg_cycling,evo_g000000_c5,2026-03-20 13:08:22,,,,,0.123359,3.085327,,,,,,,16.6515,56.2237,12.8231,1.926,5.0944,13.0,4.224,,,,,,216.9484,FAIL,fell over
8,5_VEL_PI_leg_cycling,evo_g000000_c6,2026-03-20 13:08:22,,,,,0.069144,12.872432,,,,,,,14.3538,33.1949,12.881,1.94,4.8928,13.0,4.266,,,,,,216.1138,FAIL,fell over
9,5_VEL_PI_leg_cycling,evo_g000000_c7,2026-03-20 13:08:22,,,,,0.126194,6.021232,,,,,,,16.1079,31.6247,20.5297,2.386,6.8058,13.0,4.892,,,,,,222.0282,FAIL,fell over
2,5_VEL_PI_leg_cycling,evo_g000000_c0,2026-03-20 13:08:23,,,,,0.045608,9.849975,,,,,,,13.7579,18.2634,28.4223,4.024,3.0832,13.0,13.0,,,,,,10.6254,PASS,
3,5_VEL_PI_leg_cycling,evo_g000000_c1,2026-03-20 13:08:23,,,,,0.02193,20.0,,,,,,,13.8556,17.9778,28.229,4.366,2.8419,13.0,13.0,,,,,,9.9113,PASS,
6,5_VEL_PI_leg_cycling,evo_g000000_c4,2026-03-20 13:08:23,,,,,0.027788,3.212295,,,,,,,14.4244,18.7569,28.3614,6.146,3.1771,13.0,13.0,,,,,,10.9737,PASS,
4,5_VEL_PI_leg_cycling,evo_g000000_c2,2026-03-20 13:08:23,,,,,0.083058,5.060584,,,,,,,15.0055,25.5432,27.3403,1.896,3.0235,13.0,13.0,,,,,,10.571,PASS,
17,5_VEL_PI_leg_cycling,evo_g000001_c7,2026-03-20 13:08:23,,,,,0.008975,10.758236,,,,,,,14.8342,53.2208,11.2589,1.696,4.9418,13.0,3.96,,,,,,216.3088,FAIL,fell over
10,5_VEL_PI_leg_cycling,evo_g000001_c0,2026-03-20 13:08:23,,,,,0.012117,20.0,,,,,,,14.7475,33.849,11.9304,1.912,4.7873,13.0,4.212,,,,,,215.8366,FAIL,fell over
16,5_VEL_PI_leg_cycling,evo_g000001_c6,2026-03-20 13:08:23,,,,,0.026868,20.0,,,,,,,14.3417,19.6165,28.6622,4.414,3.1523,13.0,13.0,,,,,,10.8911,PASS,
12,5_VEL_PI_leg_cycling,evo_g000001_c2,2026-03-20 13:08:23,,,,,0.011105,20.0,,,,,,,14.0605,21.1508,30.0615,3.71,3.1993,13.0,13.0,,,,,,11.0039,PASS,
11,5_VEL_PI_leg_cycling,evo_g000001_c1,2026-03-20 13:08:23,,,,,0.006244,1.047781,,,,,,,13.7138,17.6003,33.6235,3.672,3.5157,13.0,13.0,,,,,,11.9185,PASS,
14,5_VEL_PI_leg_cycling,evo_g000001_c4,2026-03-20 13:08:23,,,,,0.013442,20.0,,,,,,,14.7568,19.0664,36.9888,6.052,3.8128,13.0,13.0,,,,,,12.9141,PASS,
13,5_VEL_PI_leg_cycling,evo_g000001_c3,2026-03-20 13:08:23,,,,,0.039551,3.571388,,,,,,,13.2744,17.6274,30.7773,4.102,3.2966,13.0,13.0,,,,,,11.2172,PASS,
15,5_VEL_PI_leg_cycling,evo_g000001_c5,2026-03-20 13:08:23,,,,,0.00278,11.854864,,,,,,,13.9029,19.0757,35.5469,5.686,3.9593,13.0,13.0,,,,,,13.2682,PASS,
18,5_VEL_PI_leg_cycling,evo_g000002_c0,2026-03-20 13:08:24,,,,,0.021173,20.0,,,,,,,15.3255,54.4909,13.3404,1.684,5.0861,13.0,4.044,,,,,,216.7909,FAIL,fell over
21,5_VEL_PI_leg_cycling,evo_g000002_c3,2026-03-20 13:08:24,,,,,0.01096,7.864581,,,,,,,14.0832,33.5806,13.3207,1.916,5.9209,13.0,4.25,,,,,,219.171,FAIL,fell over
22,5_VEL_PI_leg_cycling,evo_g000002_c4,2026-03-20 13:08:24,,,,,0.005789,3.659219,,,,,,,18.125,47.0565,17.7258,2.378,6.297,13.0,4.744,,,,,,220.7035,FAIL,fell over
23,5_VEL_PI_leg_cycling,evo_g000002_c5,2026-03-20 13:08:24,,,,,0.004825,20.0,,,,,,,13.6113,18.3605,27.9812,5.114,3.1673,13.0,13.0,,,,,,10.863,PASS,
20,5_VEL_PI_leg_cycling,evo_g000002_c2,2026-03-20 13:08:24,,,,,0.133884,20.0,,,,,,,13.3586,18.4534,27.3066,4.73,3.0663,13.0,13.0,,,,,,10.5348,PASS,
25,5_VEL_PI_leg_cycling,evo_g000002_c7,2026-03-20 13:08:24,,,,,0.002253,17.807926,,,,,,,14.4631,17.6925,22.9751,2.616,2.4009,13.0,13.0,,,,,,8.649,PASS,
24,5_VEL_PI_leg_cycling,evo_g000002_c6,2026-03-20 13:08:24,,,,,0.298029,20.0,,,,,,,14.0004,18.3617,28.8493,4.176,3.3303,13.0,13.0,,,,,,11.3909,PASS,
19,5_VEL_PI_leg_cycling,evo_g000002_c1,2026-03-20 13:08:24,,,,,0.021509,20.0,,,,,,,14.0784,17.7145,28.8536,2.346,3.0299,13.0,13.0,,,,,,10.4975,PASS,
29,5_VEL_PI_leg_cycling,evo_g000003_c3,2026-03-20 13:08:25,,,,,0.001261,18.063533,,,,,,,13.0737,31.086,11.9403,2.594,4.1054,13.0,4.676,,,,,,213.6236,FAIL,fell over
31,5_VEL_PI_leg_cycling,evo_g000003_c5,2026-03-20 13:08:25,,,,,0.002307,20.0,,,,,,,13.7411,32.3685,13.4667,2.018,4.7411,13.0,4.356,,,,,,215.5974,FAIL,fell over
30,5_VEL_PI_leg_cycling,evo_g000003_c4,2026-03-20 13:08:25,,,,,0.001429,10.117557,,,,,,,13.7608,18.562,33.5132,5.522,3.6051,13.0,13.0,,,,,,12.1914,PASS,
26,5_VEL_PI_leg_cycling,evo_g000003_c0,2026-03-20 13:08:25,,,,,0.003289,4.496515,,,,,,,14.314,19.158,30.076,4.224,3.405,13.0,13.0,,,,,,11.6464,PASS,
32,5_VEL_PI_leg_cycling,evo_g000003_c6,2026-03-20 13:08:25,,,,,0.001,8.287644,,,,,,,14.4572,17.7339,26.067,3.206,2.8533,13.0,13.0,,,,,,10.0056,PASS,
28,5_VEL_PI_leg_cycling,evo_g000003_c2,2026-03-20 13:08:25,,,,,0.001941,7.669891,,,,,,,14.9051,29.9439,32.5931,4.532,3.264,13.0,13.0,,,,,,11.2825,PASS,
27,5_VEL_PI_leg_cycling,evo_g000003_c1,2026-03-20 13:08:25,,,,,0.015434,4.850437,,,,,,,13.9115,17.5605,27.4228,4.17,2.8335,13.0,13.0,,,,,,9.8916,PASS,
33,5_VEL_PI_leg_cycling,evo_g000003_c7,2026-03-20 13:08:25,,,,,0.002036,20.0,,,,,,,14.7456,37.6635,31.3583,3.386,3.3006,13.0,13.0,,,,,,11.3764,PASS,
39,5_VEL_PI_leg_cycling,evo_g000004_c5,2026-03-20 13:08:25,,,,,0.004165,20.0,,,,,,,14.9004,35.7392,13.8431,1.806,5.3193,13.0,4.074,,,,,,217.4479,FAIL,fell over
36,5_VEL_PI_leg_cycling,evo_g000004_c2,2026-03-20 13:08:26,,,,,0.001,20.0,,,,,,,13.7806,17.6754,34.7872,3.844,3.7134,13.0,13.0,,,,,,12.5183,PASS,
41,5_VEL_PI_leg_cycling,evo_g000004_c7,2026-03-20 13:08:26,,,,,0.001,20.0,,,,,,,15.0671,19.6934,30.6565,4.408,3.6401,13.0,13.0,,,,,,12.427,PASS,
40,5_VEL_PI_leg_cycling,evo_g000004_c6,2026-03-20 13:08:26,,,,,0.00316,9.124987,,,,,,,14.2945,19.6426,33.5294,4.64,3.7868,13.0,13.0,,,,,,12.7899,PASS,
37,5_VEL_PI_leg_cycling,evo_g000004_c3,2026-03-20 13:08:26,,,,,0.002035,6.371092,,,,,,,14.1635,18.8516,25.9648,4.982,2.8871,13.0,13.0,,,,,,10.0777,PASS,
38,5_VEL_PI_leg_cycling,evo_g000004_c4,2026-03-20 13:08:26,,,,,0.004342,9.478187,,,,,,,14.2945,17.9071,33.7188,2.36,3.4806,13.0,13.0,,,,,,11.8712,PASS,
35,5_VEL_PI_leg_cycling,evo_g000004_c1,2026-03-20 13:08:26,,,,,0.003748,2.969826,,,,,,,14.6569,20.9161,28.3004,5.706,3.0865,13.0,13.0,,,,,,10.7252,PASS,
34,5_VEL_PI_leg_cycling,evo_g000004_c0,2026-03-20 13:08:26,,,,,0.014451,20.0,,,,,,,13.9445,17.8632,33.1277,4.766,3.3111,13.0,13.0,,,,,,11.3278,PASS,
44,5_VEL_PI_leg_cycling,evo_g000005_c2,2026-03-20 13:08:26,,,,,0.003472,9.95776,,,,,,,14.8912,55.2657,10.8431,1.692,4.4188,13.0,4.096,,,,,,214.7455,FAIL,fell over
49,5_VEL_PI_leg_cycling,evo_g000005_c7,2026-03-20 13:08:27,,,,,0.003276,2.194823,,,,,,,13.389,18.5388,32.8768,5.258,3.656,13.0,13.0,,,,,,12.3069,PASS,
43,5_VEL_PI_leg_cycling,evo_g000005_c1,2026-03-20 13:08:27,,,,,0.001,1.089777,,,,,,,13.0337,17.5439,29.8862,3.288,3.2828,13.0,13.0,,,,,,11.1518,PASS,
46,5_VEL_PI_leg_cycling,evo_g000005_c4,2026-03-20 13:08:27,,,,,0.001,18.320889,,,,,,,14.8295,24.4853,34.1731,5.116,3.5894,13.0,13.0,,,,,,12.2512,PASS,
48,5_VEL_PI_leg_cycling,evo_g000005_c6,2026-03-20 13:08:27,,,,,0.013318,8.812735,,,,,,,14.5391,17.6399,25.7653,2.964,2.6785,13.0,13.0,,,,,,9.4894,PASS,
45,5_VEL_PI_leg_cycling,evo_g000005_c3,2026-03-20 13:08:27,,,,,0.015595,20.0,,,,,,,14.2404,18.413,33.5081,6.086,4.0062,13.0,13.0,,,,,,13.4426,PASS,
47,5_VEL_PI_leg_cycling,evo_g000005_c5,2026-03-20 13:08:27,,,,,0.001164,20.0,,,,,,,13.6408,17.8686,28.8086,2.62,3.3022,13.0,13.0,,,,,,11.2707,PASS,
42,5_VEL_PI_leg_cycling,evo_g000005_c0,2026-03-20 13:08:27,,,,,0.001926,20.0,,,,,,,12.8113,17.5717,24.5911,3.33,2.7576,13.0,13.0,,,,,,9.5539,PASS,
57,5_VEL_PI_leg_cycling,evo_g000006_c7,2026-03-20 13:08:27,,,,,0.001,20.0,,,,,,,17.9548,45.3342,16.5447,1.99,6.5372,13.0,4.484,,,,,,221.4071,FAIL,fell over
52,5_VEL_PI_leg_cycling,evo_g000006_c2,2026-03-20 13:08:27,,,,,0.006245,17.844831,,,,,,,15.694,43.6189,17.4363,2.39,3.6798,13.0,7.584,,,,,,212.6088,FAIL,fell over
54,5_VEL_PI_leg_cycling,evo_g000006_c4,2026-03-20 13:08:28,,,,,0.001,20.0,,,,,,,15.1671,31.6469,22.6339,3.886,4.1876,13.0,8.848,,,,,,214.0795,FAIL,fell over
51,5_VEL_PI_leg_cycling,evo_g000006_c1,2026-03-20 13:08:28,,,,,0.001,2.933058,,,,,,,13.4435,17.8359,32.4147,5.754,3.5708,13.0,13.0,,,,,,12.0568,PASS,
50,5_VEL_PI_leg_cycling,evo_g000006_c0,2026-03-20 13:08:28,,,,,0.001,20.0,,,,,,,14.4206,18.465,36.0306,6.37,3.9807,13.0,13.0,,,,,,13.3842,PASS,
55,5_VEL_PI_leg_cycling,evo_g000006_c5,2026-03-20 13:08:28,,,,,0.004449,7.282389,,,,,,,14.2066,19.1497,36.2475,4.3,4.1784,13.0,13.0,,,,,,13.9559,PASS,
56,5_VEL_PI_leg_cycling,evo_g000006_c6,2026-03-20 13:08:28,,,,,0.00607,4.143396,,,,,,,14.1318,20.5422,28.0309,4.228,2.8908,13.0,13.0,,,,,,10.0856,PASS,
53,5_VEL_PI_leg_cycling,evo_g000006_c3,2026-03-20 13:08:28,,,,,0.002115,20.0,,,,,,,12.9981,18.092,28.903,3.464,3.0258,13.0,13.0,,,,,,10.3772,PASS,
64,5_VEL_PI_leg_cycling,evo_g000007_c6,2026-03-20 13:08:28,,,,,0.018837,20.0,,,,,,,14.8948,49.2505,10.6011,1.462,4.6307,13.0,3.67,,,,,,215.3816,FAIL,fell over
63,5_VEL_PI_leg_cycling,evo_g000007_c5,2026-03-20 13:08:29,,,,,0.017278,20.0,,,,,,,13.3759,17.6584,32.6265,2.944,3.4071,13.0,13.0,,,,,,11.5589,PASS,
59,5_VEL_PI_leg_cycling,evo_g000007_c1,2026-03-20 13:08:29,,,,,0.003899,16.078725,,,,,,,13.4976,17.6921,27.4879,4.412,3.0524,13.0,13.0,,,,,,10.507,PASS,
61,5_VEL_PI_leg_cycling,evo_g000007_c3,2026-03-20 13:08:29,,,,,0.001161,10.274307,,,,,,,13.5893,17.7718,31.5842,4.212,3.5228,13.0,13.0,,,,,,11.9273,PASS,
58,5_VEL_PI_leg_cycling,evo_g000007_c0,2026-03-20 13:08:29,,,,,0.003535,19.914062,,,,,,,13.4003,17.5912,28.102,2.638,2.8947,13.0,13.0,,,,,,10.0241,PASS,
60,5_VEL_PI_leg_cycling,evo_g000007_c2,2026-03-20 13:08:29,,,,,0.002899,14.256696,,,,,,,13.8583,18.0028,33.7508,4.272,4.0809,13.0,13.0,,,,,,13.6285,PASS,
62,5_VEL_PI_leg_cycling,evo_g000007_c4,2026-03-20 13:08:29,,,,,0.003596,20.0,,,,,,,14.6254,20.884,23.7926,4.06,2.614,13.0,13.0,,,,,,9.3045,PASS,
65,5_VEL_PI_leg_cycling,evo_g000007_c7,2026-03-20 13:08:29,,,,,0.003373,20.0,,,,,,,14.6399,18.8434,32.3224,6.086,3.2128,13.0,13.0,,,,,,11.1024,PASS,
68,5_VEL_PI_leg_cycling,evo_g000008_c2,2026-03-20 13:08:29,,,,,0.051999,20.0,,,,,,,14.3783,34.675,12.3073,1.874,4.4563,13.0,4.152,,,,,,214.8067,FAIL,fell over
70,5_VEL_PI_leg_cycling,evo_g000008_c4,2026-03-20 13:08:29,,,,,0.009481,7.198332,,,,,,,14.2711,31.5341,19.0566,2.162,6.7255,13.0,4.486,,,,,,221.6036,FAIL,fell over
69,5_VEL_PI_leg_cycling,evo_g000008_c3,2026-03-20 13:08:29,,,,,0.00747,3.030185,,,,,,,14.6827,37.3508,24.9635,3.15,4.4513,13.0,7.934,,,,,,214.8222,FAIL,fell over
71,5_VEL_PI_leg_cycling,evo_g000008_c5,2026-03-20 13:08:29,,,,,0.001514,20.0,,,,,,,14.6106,23.6292,26.8538,3.062,2.7214,13.0,13.0,,,,,,9.6253,PASS,
66,5_VEL_PI_leg_cycling,evo_g000008_c0,2026-03-20 13:08:29,,,,,0.00278,9.171448,,,,,,,13.5936,17.5805,28.0143,3.056,2.7912,13.0,13.0,,,,,,9.733,PASS,
73,5_VEL_PI_leg_cycling,evo_g000008_c7,2026-03-20 13:08:30,,,,,0.002039,14.474064,,,,,,,13.0497,17.5436,29.2556,3.92,3.4241,13.0,13.0,,,,,,11.5773,PASS,
72,5_VEL_PI_leg_cycling,evo_g000008_c6,2026-03-20 13:08:30,,,,,0.001,20.0,,,,,,,14.2676,17.6597,31.6914,2.768,3.2177,13.0,13.0,,,,,,11.0799,PASS,
67,5_VEL_PI_leg_cycling,evo_g000008_c1,2026-03-20 13:08:30,,,,,0.005227,20.0,,,,,,,13.2705,19.7999,28.9829,2.704,3.0369,13.0,13.0,,,,,,10.4378,PASS,
76,5_VEL_PI_leg_cycling,evo_g000009_c2,2026-03-20 13:08:30,,,,,0.010427,2.856963,,,,,,,14.1648,35.3009,17.4327,3.368,3.1094,13.0,8.126,,,,,,210.7447,FAIL,fell over
74,5_VEL_PI_leg_cycling,evo_g000009_c0,2026-03-20 13:08:30,,,,,0.001,20.0,,,,,,,13.6326,32.4821,17.9532,3.826,3.3575,13.0,8.368,,,,,,211.4358,FAIL,fell over
78,5_VEL_PI_leg_cycling,evo_g000009_c4,2026-03-20 13:08:30,,,,,0.001456,17.424252,,,,,,,14.0325,20.5869,36.4942,6.21,3.6878,13.0,13.0,,,,,,12.4667,PASS,
75,5_VEL_PI_leg_cycling,evo_g000009_c1,2026-03-20 13:08:30,,,,,0.001833,7.858281,,,,,,,14.2257,17.6012,24.8577,2.854,2.6914,13.0,13.0,,,,,,9.4968,PASS,
80,5_VEL_PI_leg_cycling,evo_g000009_c6,2026-03-20 13:08:30,,,,,0.002138,20.0,,,,,,,13.6698,17.5524,30.5638,3.094,3.3284,13.0,13.0,,,,,,11.3522,PASS,
81,5_VEL_PI_leg_cycling,evo_g000009_c7,2026-03-20 13:08:30,,,,,0.001815,19.031539,,,,,,,14.3527,21.8883,35.4456,4.498,3.6719,13.0,13.0,,,,,,12.451,PASS,
77,5_VEL_PI_leg_cycling,evo_g000009_c3,2026-03-20 13:08:30,,,,,0.001159,8.157493,,,,,,,14.1221,18.7131,28.888,5.04,3.3522,13.0,13.0,,,,,,11.4688,PASS,
79,5_VEL_PI_leg_cycling,evo_g000009_c5,2026-03-20 13:08:30,,,,,0.001,20.0,,,,,,,14.0808,23.0347,25.9989,3.832,2.7961,13.0,13.0,,,,,,9.7964,PASS,
87,5_VEL_PI_leg_cycling,evo_g000010_c5,2026-03-20 13:08:31,,,,,0.001,3.115656,,,,,,,16.5552,51.3792,30.862,3.988,5.0904,13.0,8.49,,,,,,216.9267,FAIL,fell over
84,5_VEL_PI_leg_cycling,evo_g000010_c2,2026-03-20 13:08:31,,,,,0.002251,6.131393,,,,,,,13.082,21.3389,31.4757,3.82,3.552,13.0,13.0,,,,,,11.9642,PASS,
86,5_VEL_PI_leg_cycling,evo_g000010_c4,2026-03-20 13:08:31,,,,,0.006912,20.0,,,,,,,14.3487,18.6451,34.1513,6.198,3.5505,13.0,13.0,,,,,,12.0864,PASS,
83,5_VEL_PI_leg_cycling,evo_g000010_c1,2026-03-20 13:08:31,,,,,0.00722,2.811169,,,,,,,13.7719,17.694,32.6716,4.394,3.7231,13.0,13.0,,,,,,12.5465,PASS,
82,5_VEL_PI_leg_cycling,evo_g000010_c0,2026-03-20 13:08:31,,,,,0.001,13.693815,,,,,,,13.8326,18.4943,30.5361,5.166,3.6297,13.0,13.0,,,,,,12.2724,PASS,
88,5_VEL_PI_leg_cycling,evo_g000010_c6,2026-03-20 13:08:31,,,,,0.001,5.777042,,,,,,,14.2643,17.8081,26.593,1.948,2.7162,13.0,13.0,,,,,,9.575,PASS,
85,5_VEL_PI_leg_cycling,evo_g000010_c3,2026-03-20 13:08:31,,,,,0.002212,20.0,,,,,,,13.6848,17.5962,26.8237,3.11,2.8204,13.0,13.0,,,,,,9.8297,PASS,
89,5_VEL_PI_leg_cycling,evo_g000010_c7,2026-03-20 13:08:31,,,,,0.002076,20.0,,,,,,,14.2653,20.2209,29.3683,4.524,3.4555,13.0,13.0,,,,,,11.793,PASS,
97,5_VEL_PI_leg_cycling,evo_g000011_c7,2026-03-20 13:08:32,,,,,0.00413,20.0,,,,,,,14.9829,30.4401,25.7222,2.432,2.7837,13.0,13.0,,,,,,9.8494,PASS,
95,5_VEL_PI_leg_cycling,evo_g000011_c5,2026-03-20 13:08:32,,,,,0.009829,20.0,,,,,,,13.1465,17.6018,32.4533,5.226,3.317,13.0,13.0,,,,,,11.2657,PASS,
96,5_VEL_PI_leg_cycling,evo_g000011_c6,2026-03-20 13:08:32,,,,,0.001592,11.540501,,,,,,,14.4859,18.4779,31.0956,4.466,3.0442,13.0,13.0,,,,,,10.5812,PASS,
90,5_VEL_PI_leg_cycling,evo_g000011_c0,2026-03-20 13:08:32,,,,,0.001367,8.768745,,,,,,,13.9206,18.6183,23.7908,2.384,2.564,13.0,13.0,,,,,,9.0841,PASS,
93,5_VEL_PI_leg_cycling,evo_g000011_c3,2026-03-20 13:08:32,,,,,0.002418,17.771084,,,,,,,13.564,23.6375,31.0548,4.694,3.4646,13.0,13.0,,,,,,11.7502,PASS,
91,5_VEL_PI_leg_cycling,evo_g000011_c1,2026-03-20 13:08:32,,,,,0.001,17.831577,,,,,,,13.2708,18.836,26.8986,4.362,2.9619,13.0,13.0,,,,,,10.2128,PASS,
92,5_VEL_PI_leg_cycling,evo_g000011_c2,2026-03-20 13:08:32,,,,,0.001024,20.0,,,,,,,13.8637,18.2917,27.6315,4.652,2.9786,13.0,13.0,,,,,,10.3222,PASS,
94,5_VEL_PI_leg_cycling,evo_g000011_c4,2026-03-20 13:08:32,,,,,0.002013,10.071402,,,,,,,13.6923,17.6507,29.8787,3.366,3.1067,13.0,13.0,,,,,,10.6893,PASS,
100,5_VEL_PI_leg_cycling,evo_g000012_c2,2026-03-20 13:08:32,,,,,0.00213,10.009054,,,,,,,14.8445,38.6916,11.463,1.602,5.4739,13.0,3.854,,,,,,217.9061,FAIL,fell over
102,5_VEL_PI_leg_cycling,evo_g000012_c4,2026-03-20 13:08:33,,,,,0.001227,20.0,,,,,,,14.2437,39.8351,26.5388,3.768,4.7624,13.0,7.794,,,,,,215.7116,FAIL,fell over
104,5_VEL_PI_leg_cycling,evo_g000012_c6,2026-03-20 13:08:33,,,,,0.003837,3.295331,,,,,,,15.0176,38.78,22.8972,2.906,4.5517,13.0,7.842,,,,,,215.1569,FAIL,fell over
101,5_VEL_PI_leg_cycling,evo_g000012_c3,2026-03-20 13:08:33,,,,,0.003025,6.977731,,,,,,,14.5353,19.3374,25.1387,4.88,2.6378,13.0,13.0,,,,,,9.3669,PASS,
99,5_VEL_PI_leg_cycling,evo_g000012_c1,2026-03-20 13:08:33,,,,,0.001,20.0,,,,,,,13.7901,17.812,30.5397,3.986,3.3552,13.0,13.0,,,,,,11.4446,PASS,
105,5_VEL_PI_leg_cycling,evo_g000012_c7,2026-03-20 13:08:33,,,,,0.001414,18.106541,,,,,,,13.9733,17.5509,31.2597,4.858,3.4268,13.0,13.0,,,,,,11.6777,PASS,
98,5_VEL_PI_leg_cycling,evo_g000012_c0,2026-03-20 13:08:33,,,,,0.001862,20.0,,,,,,,14.8832,22.7083,29.8038,2.87,3.1045,13.0,13.0,,,,,,10.8018,PASS,
103,5_VEL_PI_leg_cycling,evo_g000012_c5,2026-03-20 13:08:33,,,,,0.002124,17.784151,,,,,,,13.9055,18.0984,29.1031,3.142,3.1885,13.0,13.0,,,,,,10.9561,PASS,
111,5_VEL_PI_leg_cycling,evo_g000013_c5,2026-03-20 13:08:34,,,,,0.002869,20.0,,,,,,,14.9173,33.918,25.5894,3.752,4.8326,13.0,8.202,,,,,,215.9895,FAIL,fell over
107,5_VEL_PI_leg_cycling,evo_g000013_c1,2026-03-20 13:08:34,,,,,0.001185,20.0,,,,,,,14.7995,58.0715,35.2675,6.162,4.1182,13.0,12.334,,,,,,213.8346,FAIL,fell over
108,5_VEL_PI_leg_cycling,evo_g000013_c2,2026-03-20 13:08:34,,,,,0.003203,20.0,,,,,,,12.9153,20.1195,22.4921,4.606,2.2561,13.0,13.0,,,,,,8.0598,PASS,
110,5_VEL_PI_leg_cycling,evo_g000013_c4,2026-03-20 13:08:34,,,,,0.003367,20.0,,,,,,,13.5758,17.5677,28.9016,3.184,3.0635,13.0,13.0,,,,,,10.5481,PASS,
106,5_VEL_PI_leg_cycling,evo_g000013_c0,2026-03-20 13:08:34,,,,,0.001645,12.151156,,,,,,,14.47,18.9717,25.5527,3.354,2.8867,13.0,13.0,,,,,,10.1071,PASS,
113,5_VEL_PI_leg_cycling,evo_g000013_c7,2026-03-20 13:08:34,,,,,0.00365,7.282202,,,,,,,13.8882,18.1136,26.463,3.542,2.9361,13.0,13.0,,,,,,10.1971,PASS,
109,5_VEL_PI_leg_cycling,evo_g000013_c3,2026-03-20 13:08:34,,,,,0.001624,13.350491,,,,,,,13.8024,18.5564,33.9207,4.636,3.8203,13.0,13.0,,,,,,12.8411,PASS,
112,5_VEL_PI_leg_cycling,evo_g000013_c6,2026-03-20 13:08:34,,,,,0.003821,10.265455,,,,,,,14.7366,20.5637,25.8504,4.968,2.9237,13.0,13.0,,,,,,10.2448,PASS,
119,5_VEL_PI_leg_cycling,evo_g000014_c5,2026-03-20 13:08:34,,,,,0.003066,19.018695,,,,,,,15.167,37.3083,11.1448,1.572,5.5214,13.0,3.934,,,,,,218.0809,FAIL,fell over
120,5_VEL_PI_leg_cycling,evo_g000014_c6,2026-03-20 13:08:34,,,,,0.005685,20.0,,,,,,,14.0322,32.4052,17.7369,2.076,6.6741,13.0,4.346,,,,,,221.4255,FAIL,fell over
115,5_VEL_PI_leg_cycling,evo_g000014_c1,2026-03-20 13:08:34,,,,,0.003351,20.0,,,,,,,16.448,59.0471,17.4347,2.554,5.8982,13.0,4.756,,,,,,219.3394,FAIL,fell over
118,5_VEL_PI_leg_cycling,evo_g000014_c4,2026-03-20 13:08:35,,,,,0.004101,8.694444,,,,,,,14.3528,31.2996,37.4641,6.284,4.7484,13.0,12.618,,,,,,215.6805,FAIL,fell over
117,5_VEL_PI_leg_cycling,evo_g000014_c3,2026-03-20 13:08:35,,,,,0.006405,20.0,,,,,,,13.6808,17.611,26.756,2.534,2.861,13.0,13.0,,,,,,9.9511,PASS,
114,5_VEL_PI_leg_cycling,evo_g000014_c0,2026-03-20 13:08:35,,,,,0.002305,15.462635,,,,,,,14.8559,21.1313,28.6547,2.748,2.9231,13.0,13.0,,,,,,10.2549,PASS,
116,5_VEL_PI_leg_cycling,evo_g000014_c2,2026-03-20 13:08:35,,,,,0.002295,12.644564,,,,,,,14.7003,19.5611,22.351,5.794,2.632,13.0,13.0,,,,,,9.366,PASS,
121,5_VEL_PI_leg_cycling,evo_g000014_c7,2026-03-20 13:08:35,,,,,0.005434,11.332891,,,,,,,14.3371,17.6748,25.7239,3.27,2.793,13.0,13.0,,,,,,9.8127,PASS,
126,5_VEL_PI_leg_cycling,evo_g000015_c4,2026-03-20 13:08:35,,,,,0.004382,18.876376,,,,,,,15.6167,46.9321,6.8685,1.15,3.5307,13.0,3.532,,,,,,212.1538,FAIL,fell over
127,5_VEL_PI_leg_cycling,evo_g000015_c5,2026-03-20 13:08:35,,,,,0.004572,20.0,,,,,,,14.7596,31.6786,26.2906,3.666,4.8803,13.0,8.488,,,,,,216.1169,FAIL,fell over
129,5_VEL_PI_leg_cycling,evo_g000015_c7,2026-03-20 13:08:35,,,,,0.001894,20.0,,,,,,,15.1975,31.0422,26.526,4.332,4.7344,13.0,8.748,,,,,,215.7229,FAIL,fell over
123,5_VEL_PI_leg_cycling,evo_g000015_c1,2026-03-20 13:08:36,,,,,0.003513,18.216918,,,,,,,13.6393,18.6765,37.1363,5.354,3.9974,13.0,13.0,,,,,,13.3561,PASS,
122,5_VEL_PI_leg_cycling,evo_g000015_c0,2026-03-20 13:08:36,,,,,0.003976,16.85926,,,,,,,14.3412,24.5473,29.6226,3.928,3.0154,13.0,13.0,,,,,,10.4803,PASS,
128,5_VEL_PI_leg_cycling,evo_g000015_c6,2026-03-20 13:08:36,,,,,0.002978,14.686595,,,,,,,14.7203,19.3506,28.8607,4.242,3.0997,13.0,13.0,,,,,,10.7711,PASS,
124,5_VEL_PI_leg_cycling,evo_g000015_c2,2026-03-20 13:08:36,,,,,0.003093,19.395844,,,,,,,14.7737,18.098,36.0892,5.19,4.0056,13.0,13.0,,,,,,13.4942,PASS,
125,5_VEL_PI_leg_cycling,evo_g000015_c3,2026-03-20 13:08:36,,,,,0.003043,15.242606,,,,,,,13.5338,17.5601,28.6286,2.756,3.0952,13.0,13.0,,,,,,10.639,PASS,
132,5_VEL_PI_leg_cycling,evo_g000016_c2,2026-03-20 13:08:36,,,,,0.003227,20.0,,,,,,,13.9252,31.2426,19.0227,2.294,6.2416,13.0,4.558,,,,,,220.1173,FAIL,fell over
137,5_VEL_PI_leg_cycling,evo_g000016_c7,2026-03-20 13:08:36,,,,,0.003516,17.830391,,,,,,,15.2371,56.0908,13.0413,1.86,5.0692,13.0,4.174,,,,,,216.7313,FAIL,fell over
130,5_VEL_PI_leg_cycling,evo_g000016_c0,2026-03-20 13:08:37,,,,,0.002896,20.0,,,,,,,14.0164,18.9274,26.6451,4.736,2.9396,13.0,13.0,,,,,,10.2204,PASS,
131,5_VEL_PI_leg_cycling,evo_g000016_c1,2026-03-20 13:08:37,,,,,0.003243,13.667988,,,,,,,14.1302,20.7445,26.6982,3.448,2.9351,13.0,13.0,,,,,,10.2183,PASS,
134,5_VEL_PI_leg_cycling,evo_g000016_c4,2026-03-20 13:08:37,,,,,0.00346,18.607997,,,,,,,13.8776,17.6513,27.8141,2.538,2.8622,13.0,13.0,,,,,,9.9744,PASS,
136,5_VEL_PI_leg_cycling,evo_g000016_c6,2026-03-20 13:08:37,,,,,0.002992,19.944891,,,,,,,14.3125,21.6287,26.173,2.422,2.8885,13.0,13.0,,,,,,10.0968,PASS,
135,5_VEL_PI_leg_cycling,evo_g000016_c5,2026-03-20 13:08:37,,,,,0.003293,16.86646,,,,,,,14.2766,18.7959,27.0722,3.296,3.0385,13.0,13.0,,,,,,10.5432,PASS,
133,5_VEL_PI_leg_cycling,evo_g000016_c3,2026-03-20 13:08:37,,,,,0.002496,20.0,,,,,,,14.7006,17.6805,31.4228,3.606,3.1703,13.0,13.0,,,,,,10.981,PASS,
139,5_VEL_PI_leg_cycling,evo_g000017_c1,2026-03-20 13:08:37,,,,,0.003676,19.559593,,,,,,,14.3447,31.7962,19.8849,2.144,6.4907,13.0,4.478,,,,,,220.9066,FAIL,fell over
143,5_VEL_PI_leg_cycling,evo_g000017_c5,2026-03-20 13:08:37,,,,,0.003655,20.0,,,,,,,15.2666,37.2483,23.129,4.15,4.1833,13.0,7.946,,,,,,214.0766,FAIL,fell over
138,5_VEL_PI_leg_cycling,evo_g000017_c0,2026-03-20 13:08:37,,,,,0.003325,20.0,,,,,,,14.2732,17.7411,26.9162,2.612,2.8061,13.0,13.0,,,,,,9.8456,PASS,
140,5_VEL_PI_leg_cycling,evo_g000017_c2,2026-03-20 13:08:37,,,,,0.002641,20.0,,,,,,,13.9168,17.6038,33.1863,4.726,3.3653,13.0,13.0,,,,,,11.4876,PASS,
144,5_VEL_PI_leg_cycling,evo_g000017_c6,2026-03-20 13:08:37,,,,,0.003214,20.0,,,,,,,14.1211,18.1959,27.7107,3.854,2.8404,13.0,13.0,,,,,,9.9333,PASS,
145,5_VEL_PI_leg_cycling,evo_g000017_c7,2026-03-20 13:08:37,,,,,0.003026,20.0,,,,,,,14.7329,21.1194,32.1566,4.48,3.423,13.0,13.0,,,,,,11.7423,PASS,
142,5_VEL_PI_leg_cycling,evo_g000017_c4,2026-03-20 13:08:37,,,,,0.002325,14.40685,,,,,,,14.2298,17.9252,22.4768,1.48,2.5379,13.0,13.0,,,,,,9.0367,PASS,
141,5_VEL_PI_leg_cycling,evo_g000017_c3,2026-03-20 13:08:38,,,,,0.003065,13.475806,,,,,,,14.3827,18.7249,27.6871,3.308,3.1319,13.0,13.0,,,,,,10.834,PASS,
149,5_VEL_PI_leg_cycling,evo_g000018_c3,2026-03-20 13:08:38,,,,,0.003781,20.0,,,,,,,14.6846,19.3505,40.136,6.274,4.1654,13.0,13.0,,,,,,13.9647,PASS,
151,5_VEL_PI_leg_cycling,evo_g000018_c5,2026-03-20 13:08:38,,,,,0.002839,16.348018,,,,,,,14.8456,21.3241,34.1157,4.114,3.8464,13.0,13.0,,,,,,13.0238,PASS,
152,5_VEL_PI_leg_cycling,evo_g000018_c6,2026-03-20 13:08:38,,,,,0.004533,19.805296,,,,,,,13.4577,18.8737,31.3639,5.046,3.7417,13.0,13.0,,,,,,12.5709,PASS,
150,5_VEL_PI_leg_cycling,evo_g000018_c4,2026-03-20 13:08:38,,,,,0.002956,20.0,,,,,,,14.0123,17.8313,38.6007,5.976,4.2985,13.0,13.0,,,,,,14.2967,PASS,
147,5_VEL_PI_leg_cycling,evo_g000018_c1,2026-03-20 13:08:38,,,,,0.003376,20.0,,,,,,,14.478,21.7569,25.4696,3.724,2.6996,13.0,13.0,,,,,,9.5466,PASS,
153,5_VEL_PI_leg_cycling,evo_g000018_c7,2026-03-20 13:08:38,,,,,0.002088,20.0,,,,,,,14.5305,18.1491,35.4305,3.478,3.8188,13.0,13.0,,,,,,12.9094,PASS,
148,5_VEL_PI_leg_cycling,evo_g000018_c2,2026-03-20 13:08:39,,,,,0.003078,13.765155,,,,,,,13.9539,18.9156,29.2251,5.798,3.0713,13.0,13.0,,,,,,10.6093,PASS,
146,5_VEL_PI_leg_cycling,evo_g000018_c0,2026-03-20 13:08:39,,,,,0.003715,20.0,,,,,,,14.5977,20.0362,27.4417,4.744,3.054,13.0,13.0,,,,,,10.6218,PASS,
157,5_VEL_PI_leg_cycling,evo_g000019_c3,2026-03-20 13:08:39,,,,,0.002955,20.0,,,,,,,14.5587,39.0238,19.3655,2.66,3.5776,13.0,7.832,,,,,,212.1887,FAIL,fell over
156,5_VEL_PI_leg_cycling,evo_g000019_c2,2026-03-20 13:08:39,,,,,0.002792,19.782643,,,,,,,13.0167,36.8923,21.4855,3.346,3.792,13.0,7.958,,,,,,212.6777,FAIL,fell over
154,5_VEL_PI_leg_cycling,evo_g000019_c0,2026-03-20 13:08:39,,,,,0.003126,20.0,,,,,,,13.7678,17.8128,32.716,2.496,3.4628,13.0,13.0,,,,,,11.7652,PASS,
161,5_VEL_PI_leg_cycling,evo_g000019_c7,2026-03-20 13:08:39,,,,,0.002462,20.0,,,,,,,14.3465,19.3282,34.9193,6.748,3.7853,13.0,13.0,,,,,,12.7905,PASS,
159,5_VEL_PI_leg_cycling,evo_g000019_c5,2026-03-20 13:08:39,,,,,0.00301,16.447402,,,,,,,14.3031,22.6635,41.4471,6.072,4.5404,13.0,13.0,,,,,,15.0515,PASS,
155,5_VEL_PI_leg_cycling,evo_g000019_c1,2026-03-20 13:08:39,,,,,0.003378,17.719074,,,,,,,14.1362,17.656,26.916,2.498,2.8832,13.0,13.0,,,,,,10.0632,PASS,
158,5_VEL_PI_leg_cycling,evo_g000019_c4,2026-03-20 13:08:39,,,,,0.004057,20.0,,,,,,,12.9128,17.5051,31.9349,3.644,3.4894,13.0,13.0,,,,,,11.7595,PASS,
160,5_VEL_PI_leg_cycling,evo_g000019_c6,2026-03-20 13:08:39,,,,,0.00377,17.8512,,,,,,,14.4378,20.3914,23.1992,2.546,2.5221,13.0,13.0,,,,,,9.0101,PASS,
168,5_VEL_PI_leg_cycling,evo_g000020_c6,2026-03-20 13:08:40,,,,,0.003181,15.711498,,,,,,,13.94,31.676,16.4952,2.156,6.2516,13.0,4.57,,,,,,220.1488,FAIL,fell over
164,5_VEL_PI_leg_cycling,evo_g000020_c2,2026-03-20 13:08:40,,,,,0.002776,20.0,,,,,,,14.8282,49.9327,19.3332,3.48,3.708,13.0,7.744,,,,,,212.6068,FAIL,fell over
166,5_VEL_PI_leg_cycling,evo_g000020_c4,2026-03-20 13:08:40,,,,,0.002707,20.0,,,,,,,14.3135,18.3317,30.7674,4.286,3.1675,13.0,13.0,,,,,,10.9338,PASS,
162,5_VEL_PI_leg_cycling,evo_g000020_c0,2026-03-20 13:08:40,,,,,0.003008,16.586638,,,,,,,14.1287,31.4102,32.4002,5.274,3.8206,13.0,13.0,,,,,,12.8747,PASS,
167,5_VEL_PI_leg_cycling,evo_g000020_c5,2026-03-20 13:08:40,,,,,0.003084,20.0,,,,,,,13.5666,17.5803,30.0533,3.712,3.0776,13.0,13.0,,,,,,10.5895,PASS,
163,5_VEL_PI_leg_cycling,evo_g000020_c1,2026-03-20 13:08:40,,,,,0.002854,20.0,,,,,,,14.1769,18.4899,32.4434,5.726,3.2962,13.0,13.0,,,,,,11.3063,PASS,
165,5_VEL_PI_leg_cycling,evo_g000020_c3,2026-03-20 13:08:40,,,,,0.003381,15.885107,,,,,,,14.3057,23.5463,35.5396,6.468,3.7984,13.0,13.0,,,,,,12.8258,PASS,
169,5_VEL_PI_leg_cycling,evo_g000020_c7,2026-03-20 13:08:40,,,,,0.003273,19.789099,,,,,,,14.0685,18.1636,33.5042,2.812,3.5649,13.0,13.0,,,,,,12.1016,PASS,
172,5_VEL_PI_leg_cycling,evo_g000021_c2,2026-03-20 13:08:41,,,,,0.003536,20.0,,,,,,,14.0441,33.4502,14.5377,1.922,6.2065,13.0,4.286,,,,,,220.0239,FAIL,fell over
170,5_VEL_PI_leg_cycling,evo_g000021_c0,2026-03-20 13:08:41,,,,,0.003255,20.0,,,,,,,14.322,18.1557,28.9919,4.74,2.988,13.0,13.0,,,,,,10.3962,PASS,
171,5_VEL_PI_leg_cycling,evo_g000021_c1,2026-03-20 13:08:41,,,,,0.003071,20.0,,,,,,,14.5979,17.785,36.3393,3.872,4.3345,13.0,13.0,,,,,,14.4633,PASS,
175,5_VEL_PI_leg_cycling,evo_g000021_c5,2026-03-20 13:08:41,,,,,0.003334,20.0,,,,,,,13.2233,18.0981,33.7235,4.674,3.6787,13.0,13.0,,,,,,12.3584,PASS,
176,5_VEL_PI_leg_cycling,evo_g000021_c6,2026-03-20 13:08:41,,,,,0.003559,18.540378,,,,,,,14.6451,20.3222,34.5937,7.038,3.7818,13.0,13.0,,,,,,12.8099,PASS,
174,5_VEL_PI_leg_cycling,evo_g000021_c4,2026-03-20 13:08:41,,,,,0.002779,20.0,,,,,,,12.9873,17.6313,28.2602,3.954,2.9346,13.0,13.0,,,,,,10.1025,PASS,
173,5_VEL_PI_leg_cycling,evo_g000021_c3,2026-03-20 13:08:41,,,,,0.003213,20.0,,,,,,,13.9483,18.4769,25.4538,3.538,2.8112,13.0,13.0,,,,,,9.8284,PASS,
177,5_VEL_PI_leg_cycling,evo_g000021_c7,2026-03-20 13:08:41,,,,,0.002742,20.0,,,,,,,14.0162,19.0532,33.6803,4.27,3.6741,13.0,13.0,,,,,,12.4239,PASS,
184,5_VEL_PI_leg_cycling,evo_g000022_c6,2026-03-20 13:08:42,,,,,0.003003,19.48477,,,,,,,14.2545,31.0226,12.4678,2.954,3.2954,13.0,5.404,,,,,,211.3116,FAIL,fell over
185,5_VEL_PI_leg_cycling,evo_g000022_c7,2026-03-20 13:08:42,,,,,0.002893,20.0,,,,,,,16.2331,35.4866,23.0433,2.852,6.7362,13.0,5.238,,,,,,221.8319,FAIL,fell over
179,5_VEL_PI_leg_cycling,evo_g000022_c1,2026-03-20 13:08:42,,,,,0.003207,20.0,,,,,,,14.5519,46.3636,16.2667,2.476,3.1773,13.0,7.344,,,,,,210.9871,FAIL,fell over
178,5_VEL_PI_leg_cycling,evo_g000022_c0,2026-03-20 13:08:42,,,,,0.003329,20.0,,,,,,,14.6372,39.8747,16.8328,2.386,3.2638,13.0,7.768,,,,,,211.2551,FAIL,fell over
182,5_VEL_PI_leg_cycling,evo_g000022_c4,2026-03-20 13:08:42,,,,,0.003003,18.148493,,,,,,,14.265,42.1113,29.3125,3.88,3.3428,13.0,13.0,,,,,,11.4549,PASS,
180,5_VEL_PI_leg_cycling,evo_g000022_c2,2026-03-20 13:08:42,,,,,0.003331,19.709309,,,,,,,14.0591,19.2811,33.5291,5.774,3.5258,13.0,13.0,,,,,,11.9833,PASS,
183,5_VEL_PI_leg_cycling,evo_g000022_c5,2026-03-20 13:08:42,,,,,0.00302,20.0,,,,,,,14.4734,18.9263,31.0437,4.1,3.366,13.0,13.0,,,,,,11.5453,PASS,
181,5_VEL_PI_leg_cycling,evo_g000022_c3,2026-03-20 13:08:42,,,,,0.003209,19.256448,,,,,,,13.6541,17.638,26.9977,2.858,2.8664,13.0,13.0,,,,,,9.9646,PASS,
192,5_VEL_PI_leg_cycling,evo_g000023_c6,2026-03-20 13:08:43,,,,,0.003774,20.0,,,,,,,14.6865,32.949,14.9028,3.024,3.9134,13.0,5.828,,,,,,213.2089,FAIL,fell over
191,5_VEL_PI_leg_cycling,evo_g000023_c5,2026-03-20 13:08:43,,,,,0.00341,19.388819,,,,,,,15.091,18.1208,32.828,5.404,4.0703,13.0,13.0,,,,,,13.72,PASS,
189,5_VEL_PI_leg_cycling,evo_g000023_c3,2026-03-20 13:08:43,,,,,0.003117,20.0,,,,,,,14.7698,22.6509,34.2375,4.89,3.5902,13.0,13.0,,,,,,12.2476,PASS,
186,5_VEL_PI_leg_cycling,evo_g000023_c0,2026-03-20 13:08:43,,,,,0.003078,20.0,,,,,,,14.1349,18.1523,28.1416,4.546,3.4055,13.0,13.0,,,,,,11.63,PASS,
188,5_VEL_PI_leg_cycling,evo_g000023_c2,2026-03-20 13:08:43,,,,,0.003306,19.245616,,,,,,,14.8073,24.905,26.983,1.926,2.853,13.0,13.0,,,,,,10.0397,PASS,
190,5_VEL_PI_leg_cycling,evo_g000023_c4,2026-03-20 13:08:43,,,,,0.003108,18.644077,,,,,,,14.3199,19.1723,25.6665,3.506,2.9447,13.0,13.0,,,,,,10.2661,PASS,
187,5_VEL_PI_leg_cycling,evo_g000023_c1,2026-03-20 13:08:43,,,,,0.003124,20.0,,,,,,,14.1198,17.5996,28.6527,2.816,3.2023,13.0,13.0,,,,,,11.0189,PASS,
193,5_VEL_PI_leg_cycling,evo_g000023_c7,2026-03-20 13:08:43,,,,,0.003653,19.609278,,,,,,,14.7495,23.2257,24.3435,1.914,2.6053,13.0,13.0,,,,,,9.2909,PASS,
198,5_VEL_PI_leg_cycling,evo_g000024_c4,2026-03-20 13:08:43,,,,,0.00349,20.0,,,,,,,17.1741,59.0922,15.3913,2.29,5.5663,13.0,4.568,,,,,,218.4163,FAIL,fell over
194,5_VEL_PI_leg_cycling,evo_g000024_c0,2026-03-20 13:08:44,,,,,0.003117,20.0,,,,,,,14.7432,33.3447,28.418,4.102,5.8281,13.0,8.272,,,,,,218.9586,FAIL,fell over
196,5_VEL_PI_leg_cycling,evo_g000024_c2,2026-03-20 13:08:44,,,,,0.003027,20.0,,,,,,,13.8649,20.87,30.1856,4.022,3.1378,13.0,13.0,,,,,,10.7999,PASS,
199,5_VEL_PI_leg_cycling,evo_g000024_c5,2026-03-20 13:08:44,,,,,0.003642,20.0,,,,,,,14.5893,18.4165,22.4157,2.332,2.4391,13.0,13.0,,,,,,8.7762,PASS,
201,5_VEL_PI_leg_cycling,evo_g000024_c7,2026-03-20 13:08:44,,,,,0.003252,20.0,,,,,,,13.6217,18.8163,30.2366,3.042,3.3351,13.0,13.0,,,,,,11.3675,PASS,
195,5_VEL_PI_leg_cycling,evo_g000024_c1,2026-03-20 13:08:44,,,,,0.002756,20.0,,,,,,,13.7793,18.5841,28.7042,3.348,3.0064,13.0,13.0,,,,,,10.3971,PASS,
197,5_VEL_PI_leg_cycling,evo_g000024_c3,2026-03-20 13:08:44,,,,,0.00313,20.0,,,,,,,14.4912,18.7942,25.0469,4.662,2.5809,13.0,13.0,,,,,,9.1918,PASS,
200,5_VEL_PI_leg_cycling,evo_g000024_c6,2026-03-20 13:08:44,,,,,0.003417,19.30729,,,,,,,14.3356,21.36,32.4738,6.45,3.3584,13.0,13.0,,,,,,11.5088,PASS,
205,5_VEL_PI_leg_cycling,evo_g000025_c3,2026-03-20 13:08:45,,,,,0.003178,19.797401,,,,,,,13.6101,17.6009,32.9584,3.438,3.3198,13.0,13.0,,,,,,11.3204,PASS,
207,5_VEL_PI_leg_cycling,evo_g000025_c5,2026-03-20 13:08:45,,,,,0.003301,20.0,,,,,,,14.443,18.749,31.9722,6.452,3.2928,13.0,13.0,,,,,,11.3227,PASS,
206,5_VEL_PI_leg_cycling,evo_g000025_c4,2026-03-20 13:08:45,,,,,0.003148,19.624773,,,,,,,13.1595,18.7678,30.4624,5.01,3.3942,13.0,13.0,,,,,,11.4986,PASS,
203,5_VEL_PI_leg_cycling,evo_g000025_c1,2026-03-20 13:08:45,,,,,0.003312,19.446774,,,,,,,13.1775,18.0913,30.2599,4.688,3.4044,13.0,13.0,,,,,,11.531,PASS,
208,5_VEL_PI_leg_cycling,evo_g000025_c6,2026-03-20 13:08:45,,,,,0.003376,20.0,,,,,,,13.5912,18.4805,25.4455,3.468,2.7474,13.0,13.0,,,,,,9.6013,PASS,
209,5_VEL_PI_leg_cycling,evo_g000025_c7,2026-03-20 13:08:45,,,,,0.003193,20.0,,,,,,,13.7428,18.2591,34.6042,4.704,3.7304,13.0,13.0,,,,,,12.5655,PASS,
202,5_VEL_PI_leg_cycling,evo_g000025_c0,2026-03-20 13:08:45,,,,,0.003128,20.0,,,,,,,16.1691,38.105,41.0313,5.39,5.0912,13.0,12.66,,,,,,216.8905,FAIL,fell over
204,5_VEL_PI_leg_cycling,evo_g000025_c2,2026-03-20 13:08:45,,,,,0.003233,20.0,,,,,,,13.8388,18.3994,29.6575,4.406,3.2415,13.0,13.0,,,,,,11.1084,PASS,
210,5_VEL_PI_leg_cycling,evo_g000026_c0,2026-03-20 13:08:45,,,,,0.003053,19.4283,,,,,,,14.6162,33.727,11.169,1.774,4.5869,13.0,4.24,,,,,,215.2223,FAIL,fell over
216,5_VEL_PI_leg_cycling,evo_g000026_c6,2026-03-20 13:08:45,,,,,0.003178,20.0,,,,,,,19.959,43.8684,21.0976,2.688,7.3615,13.0,5.034,,,,,,224.0804,FAIL,fell over
217,5_VEL_PI_leg_cycling,evo_g000026_c7,2026-03-20 13:08:46,,,,,0.003391,20.0,,,,,,,14.0496,47.1854,34.0189,3.992,4.6064,13.0,10.982,,,,,,215.2242,FAIL,fell over
213,5_VEL_PI_leg_cycling,evo_g000026_c3,2026-03-20 13:08:46,,,,,0.003122,19.300892,,,,,,,14.8983,46.0033,29.9176,5.384,3.818,13.0,11.474,,,,,,212.9438,FAIL,fell over
212,5_VEL_PI_leg_cycling,evo_g000026_c2,2026-03-20 13:08:46,,,,,0.003074,20.0,,,,,,,14.5784,18.8918,30.7603,4.98,3.308,13.0,13.0,,,,,,11.3818,PASS,
211,5_VEL_PI_leg_cycling,evo_g000026_c1,2026-03-20 13:08:46,,,,,0.003313,19.94343,,,,,,,13.7214,24.2736,31.2929,2.986,3.3241,13.0,13.0,,,,,,11.3444,PASS,
215,5_VEL_PI_leg_cycling,evo_g000026_c5,2026-03-20 13:08:46,,,,,0.003151,20.0,,,,,,,14.5282,29.065,32.7964,3.308,3.3886,13.0,13.0,,,,,,11.6186,PASS,
214,5_VEL_PI_leg_cycling,evo_g000026_c4,2026-03-20 13:08:46,,,,,0.003369,20.0,,,,,,,14.2533,17.8615,26.1595,3.816,3.0134,13.0,13.0,,,,,,10.4655,PASS,
221,5_VEL_PI_leg_cycling,evo_g000027_c3,2026-03-20 13:08:47,,,,,0.003213,19.151489,,,,,,,16.7333,54.5891,36.2321,3.98,4.5759,13.0,12.056,,,,,,215.401,FAIL,fell over
219,5_VEL_PI_leg_cycling,evo_g000027_c1,2026-03-20 13:08:47,,,,,0.003053,19.95163,,,,,,,14.2472,17.6513,28.6745,3.108,3.1492,13.0,13.0,,,,,,10.8723,PASS,
218,5_VEL_PI_leg_cycling,evo_g000027_c0,2026-03-20 13:08:47,,,,,0.003266,20.0,,,,,,,13.7068,18.7741,33.7317,5.076,3.9016,13.0,13.0,,,,,,13.0755,PASS,
223,5_VEL_PI_leg_cycling,evo_g000027_c5,2026-03-20 13:08:47,,,,,0.003327,19.422362,,,,,,,13.8684,18.5637,35.0834,4.166,3.7018,13.0,13.0,,,,,,12.4922,PASS,
225,5_VEL_PI_leg_cycling,evo_g000027_c7,2026-03-20 13:08:47,,,,,0.003154,20.0,,,,,,,14.098,17.5974,26.073,4.92,2.7963,13.0,13.0,,,,,,9.7987,PASS,
220,5_VEL_PI_leg_cycling,evo_g000027_c2,2026-03-20 13:08:47,,,,,0.003262,20.0,,,,,,,14.2551,20.3209,36.306,4.292,3.6972,13.0,13.0,,,,,,12.5171,PASS,
224,5_VEL_PI_leg_cycling,evo_g000027_c6,2026-03-20 13:08:47,,,,,0.003076,20.0,,,,,,,14.4096,21.4264,33.403,5.794,3.4281,13.0,13.0,,,,,,11.7253,PASS,
222,5_VEL_PI_leg_cycling,evo_g000027_c4,2026-03-20 13:08:47,,,,,0.003388,19.584572,,,,,,,13.841,17.7366,25.5137,2.614,2.6842,13.0,13.0,,,,,,9.4367,PASS,
229,5_VEL_PI_leg_cycling,evo_g000028_c3,2026-03-20 13:08:47,,,,,0.003244,20.0,,,,,,,18.0525,47.6301,14.3383,1.664,6.6621,13.0,3.962,,,,,,221.7916,FAIL,fell over
231,5_VEL_PI_leg_cycling,evo_g000028_c5,2026-03-20 13:08:47,,,,,0.003206,20.0,,,,,,,14.0934,46.8504,14.1481,3.21,2.7504,13.0,7.242,,,,,,209.6605,FAIL,fell over
226,5_VEL_PI_leg_cycling,evo_g000028_c0,2026-03-20 13:08:48,,,,,0.003242,19.832727,,,,,,,13.4411,17.6065,31.7594,3.372,3.4526,13.0,13.0,,,,,,11.7019,PASS,
227,5_VEL_PI_leg_cycling,evo_g000028_c1,2026-03-20 13:08:48,,,,,0.003233,19.972162,,,,,,,14.4635,20.4993,27.4057,4.492,3.0539,13.0,13.0,,,,,,10.6081,PASS,
228,5_VEL_PI_leg_cycling,evo_g000028_c2,2026-03-20 13:08:48,,,,,0.003032,20.0,,,,,,,15.0592,25.286,25.3895,2.45,2.6624,13.0,13.0,,,,,,9.4931,PASS,
230,5_VEL_PI_leg_cycling,evo_g000028_c4,2026-03-20 13:08:48,,,,,0.003092,19.520595,,,,,,,13.552,18.2065,27.3175,2.502,3.0839,13.0,13.0,,,,,,10.6069,PASS,
233,5_VEL_PI_leg_cycling,evo_g000028_c7,2026-03-20 13:08:48,,,,,0.003262,19.028095,,,,,,,14.3395,17.8626,28.9769,3.7,3.1595,13.0,13.0,,,,,,10.9124,PASS,
232,5_VEL_PI_leg_cycling,evo_g000028_c6,2026-03-20 13:08:48,,,,,0.003194,20.0,,,,,,,14.4319,18.5349,32.4093,5.614,3.2604,13.0,13.0,,,,,,11.2244,PASS,
236,5_VEL_PI_leg_cycling,evo_g000029_c2,2026-03-20 13:08:48,,,,,0.00327,19.993093,,,,,,,14.2838,46.5787,33.9796,4.848,4.5148,13.0,11.522,,,,,,214.9728,FAIL,fell over
235,5_VEL_PI_leg_cycling,evo_g000029_c1,2026-03-20 13:08:49,,,,,0.0031,19.692441,,,,,,,14.296,19.1137,29.1653,4.276,3.1597,13.0,13.0,,,,,,10.9087,PASS,
240,5_VEL_PI_leg_cycling,evo_g000029_c6,2026-03-20 13:08:49,,,,,0.003178,20.0,,,,,,,14.4093,18.4764,24.1049,4.334,2.6063,13.0,13.0,,,,,,9.2598,PASS,
237,5_VEL_PI_leg_cycling,evo_g000029_c3,2026-03-20 13:08:49,,,,,0.003225,20.0,,,,,,,13.8977,22.3657,29.9478,4.66,3.0276,13.0,13.0,,,,,,10.4726,PASS,
241,5_VEL_PI_leg_cycling,evo_g000029_c7,2026-03-20 13:08:49,,,,,0.003298,19.874794,,,,,,,14.5066,19.1646,35.7242,3.254,3.8284,13.0,13.0,,,,,,12.9359,PASS,
234,5_VEL_PI_leg_cycling,evo_g000029_c0,2026-03-20 13:08:49,,,,,0.003257,20.0,,,,,,,13.9957,19.7381,38.9795,4.236,4.0385,13.0,13.0,,,,,,13.5151,PASS,
239,5_VEL_PI_leg_cycling,evo_g000029_c5,2026-03-20 13:08:49,,,,,0.003287,20.0,,,,,,,14.2594,18.9516,35.0608,5.918,3.8313,13.0,13.0,,,,,,12.9198,PASS,
238,5_VEL_PI_leg_cycling,evo_g000029_c4,2026-03-20 13:08:49,,,,,0.003409,20.0,,,,,,,13.5651,18.0582,27.8893,4.018,3.0846,13.0,13.0,,,,,,10.6103,PASS,
249,5_VEL_PI_leg_cycling,evo_g000030_c7,2026-03-20 13:08:49,,,,,0.003161,19.880228,,,,,,,13.9499,35.0469,10.5441,1.822,3.9155,13.0,4.142,,,,,,213.1415,FAIL,fell over
244,5_VEL_PI_leg_cycling,evo_g000030_c2,2026-03-20 13:08:49,,,,,0.003122,19.551185,,,,,,,16.9193,59.2416,8.6383,2.408,3.1702,13.0,4.708,,,,,,211.2025,FAIL,fell over
243,5_VEL_PI_leg_cycling,evo_g000030_c1,2026-03-20 13:08:49,,,,,0.003168,19.978529,,,,,,,14.7595,21.7857,29.4962,3.332,3.093,13.0,13.0,,,,,,10.755,PASS,
242,5_VEL_PI_leg_cycling,evo_g000030_c0,2026-03-20 13:08:49,,,,,0.003159,20.0,,,,,,,14.8914,19.0298,31.5673,5.292,3.5445,13.0,13.0,,,,,,12.1226,PASS,
247,5_VEL_PI_leg_cycling,evo_g000030_c5,2026-03-20 13:08:49,,,,,0.003152,20.0,,,,,,,15.0357,20.0634,35.4134,6.262,3.7688,13.0,13.0,,,,,,12.81,PASS,
246,5_VEL_PI_leg_cycling,evo_g000030_c4,2026-03-20 13:08:49,,,,,0.003227,19.514267,,,,,,,14.9516,31.7782,31.4842,4.856,3.1174,13.0,13.0,,,,,,10.8474,PASS,
248,5_VEL_PI_leg_cycling,evo_g000030_c6,2026-03-20 13:08:49,,,,,0.003261,20.0,,,,,,,13.8552,19.193,33.6101,4.986,3.6375,13.0,13.0,,,,,,12.298,PASS,
245,5_VEL_PI_leg_cycling,evo_g000030_c3,2026-03-20 13:08:49,,,,,0.003056,19.546407,,,,,,,13.8782,17.6682,31.845,1.944,3.3436,13.0,13.0,,,,,,11.4186,PASS,
256,5_VEL_PI_leg_cycling,evo_g000031_c6,2026-03-20 13:08:50,,,,,0.00314,19.760882,,,,,,,13.7445,31.6113,14.2154,2.688,4.1758,13.0,5.014,,,,,,213.9018,FAIL,fell over
252,5_VEL_PI_leg_cycling,evo_g000031_c2,2026-03-20 13:08:50,,,,,0.003355,19.94976,,,,,,,15.6572,43.7306,15.6195,2.946,3.6053,13.0,6.532,,,,,,212.3816,FAIL,fell over
250,5_VEL_PI_leg_cycling,evo_g000031_c0,2026-03-20 13:08:50,,,,,0.003272,19.634382,,,,,,,14.9586,30.9882,26.1566,4.234,4.6463,13.0,8.618,,,,,,215.4348,FAIL,fell over
254,5_VEL_PI_leg_cycling,evo_g000031_c4,2026-03-20 13:08:50,,,,,0.003199,20.0,,,,,,,14.2654,20.0119,28.8555,4.032,3.5086,13.0,13.0,,,,,,11.9523,PASS,
251,5_VEL_PI_leg_cycling,evo_g000031_c1,2026-03-20 13:08:50,,,,,0.003195,19.576843,,,,,,,14.0961,18.9394,27.4724,3.544,2.9645,13.0,13.0,,,,,,10.3031,PASS,
253,5_VEL_PI_leg_cycling,evo_g000031_c3,2026-03-20 13:08:50,,,,,0.003141,20.0,,,,,,,13.9673,17.9379,29.3551,3.566,3.1314,13.0,13.0,,,,,,10.7909,PASS,
257,5_VEL_PI_leg_cycling,evo_g000031_c7,2026-03-20 13:08:50,,,,,0.003318,19.799822,,,,,,,13.7402,18.1368,35.3327,4.088,4.1859,13.0,13.0,,,,,,13.9317,PASS,
255,5_VEL_PI_leg_cycling,evo_g000031_c5,2026-03-20 13:08:50,,,,,0.003157,20.0,,,,,,,15.0831,17.6158,30.4923,3.662,3.4585,13.0,13.0,,,,,,11.8838,PASS,
258,5_VEL_PI_leg_cycling,evo_g000032_c0,2026-03-20 13:08:51,,,,,0.003164,19.6,,,,,,,13.7243,33.1961,12.4944,1.842,4.8313,13.0,4.284,,,,,,215.8663,FAIL,fell over
260,5_VEL_PI_leg_cycling,evo_g000032_c2,2026-03-20 13:08:51,,,,,0.003288,19.760827,,,,,,,12.9224,19.5947,33.6036,4.684,3.7706,13.0,13.0,,,,,,12.604,PASS,
261,5_VEL_PI_leg_cycling,evo_g000032_c3,2026-03-20 13:08:51,,,,,0.003054,20.0,,,,,,,14.7762,18.5333,31.1372,6.142,3.4649,13.0,13.0,,,,,,11.8723,PASS,
259,5_VEL_PI_leg_cycling,evo_g000032_c1,2026-03-20 13:08:51,,,,,0.003253,19.995837,,,,,,,14.4144,18.7647,30.7137,4.57,3.2996,13.0,13.0,,,,,,11.3402,PASS,
264,5_VEL_PI_leg_cycling,evo_g000032_c6,2026-03-20 13:08:51,,,,,0.003209,20.0,,,,,,,14.0647,19.8024,33.0942,5.036,3.4758,13.0,13.0,,,,,,11.8339,PASS,
265,5_VEL_PI_leg_cycling,evo_g000032_c7,2026-03-20 13:08:51,,,,,0.003173,20.0,,,,,,,14.4413,58.5854,33.3503,5.334,3.7544,13.0,12.402,,,,,,212.7073,FAIL,fell over
262,5_VEL_PI_leg_cycling,evo_g000032_c4,2026-03-20 13:08:51,,,,,0.003158,20.0,,,,,,,14.7376,18.0247,34.0997,5.876,3.709,13.0,13.0,,,,,,12.6008,PASS,
263,5_VEL_PI_leg_cycling,evo_g000032_c5,2026-03-20 13:08:51,,,,,0.003205,19.292797,,,,,,,13.885,22.9885,30.5238,2.988,3.2685,13.0,13.0,,,,,,11.194,PASS,
268,5_VEL_PI_leg_cycling,evo_g000033_c2,2026-03-20 13:08:52,,,,,0.003113,20.0,,,,,,,13.7422,31.0159,14.2466,2.342,4.4036,13.0,4.602,,,,,,214.585,FAIL,fell over
271,5_VEL_PI_leg_cycling,evo_g000033_c5,2026-03-20 13:08:52,,,,,0.003106,19.828451,,,,,,,16.0968,57.3285,20.5183,2.73,3.6603,13.0,8.282,,,,,,212.5906,FAIL,fell over
266,5_VEL_PI_leg_cycling,evo_g000033_c0,2026-03-20 13:08:52,,,,,0.003083,20.0,,,,,,,14.7927,34.4973,20.0825,4.004,3.9398,13.0,8.184,,,,,,213.2987,FAIL,fell over
270,5_VEL_PI_leg_cycling,evo_g000033_c4,2026-03-20 13:08:52,,,,,0.003109,20.0,,,,,,,13.8973,18.6641,30.6732,4.852,3.3342,13.0,13.0,,,,,,11.3923,PASS,
267,5_VEL_PI_leg_cycling,evo_g000033_c1,2026-03-20 13:08:52,,,,,0.00312,19.386468,,,,,,,12.8951,17.6331,30.5093,5.122,3.053,13.0,13.0,,,,,,10.4485,PASS,
269,5_VEL_PI_leg_cycling,evo_g000033_c3,2026-03-20 13:08:52,,,,,0.003285,20.0,,,,,,,13.6286,17.8817,25.1662,4.712,2.5869,13.0,13.0,,,,,,9.1236,PASS,
273,5_VEL_PI_leg_cycling,evo_g000033_c7,2026-03-20 13:08:52,,,,,0.003156,19.783383,,,,,,,13.7052,21.2968,32.7147,4.738,3.4147,13.0,13.0,,,,,,11.6146,PASS,
272,5_VEL_PI_leg_cycling,evo_g000033_c6,2026-03-20 13:08:52,,,,,0.003217,20.0,,,,,,,14.5222,18.687,26.8939,5.226,2.9015,13.0,13.0,,,,,,10.1567,PASS,
279,5_VEL_PI_leg_cycling,evo_g000034_c5,2026-03-20 13:08:52,,,,,0.003236,19.723405,,,,,,,17.6159,43.5983,14.9143,2.118,5.8651,13.0,4.348,,,,,,219.3569,FAIL,fell over
278,5_VEL_PI_leg_cycling,evo_g000034_c4,2026-03-20 13:08:53,,,,,0.003102,20.0,,,,,,,14.3799,21.1385,29.4947,5.094,3.3087,13.0,13.0,,,,,,11.3641,PASS,
281,5_VEL_PI_leg_cycling,evo_g000034_c7,2026-03-20 13:08:53,,,,,0.003285,19.374302,,,,,,,13.1981,18.1723,29.5032,5.704,3.0157,13.0,13.0,,,,,,10.3669,PASS,
276,5_VEL_PI_leg_cycling,evo_g000034_c2,2026-03-20 13:08:53,,,,,0.003237,19.939133,,,,,,,13.4904,18.6167,30.3229,2.474,3.2116,13.0,13.0,,,,,,10.9838,PASS,
280,5_VEL_PI_leg_cycling,evo_g000034_c6,2026-03-20 13:08:53,,,,,0.00333,19.61926,,,,,,,14.0719,18.1634,29.9939,4.048,3.4848,13.0,13.0,,,,,,11.8616,PASS,
274,5_VEL_PI_leg_cycling,evo_g000034_c0,2026-03-20 13:08:53,,,,,0.003286,19.276357,,,,,,,13.8375,17.8413,27.7157,3.786,3.0717,13.0,13.0,,,,,,10.5988,PASS,
275,5_VEL_PI_leg_cycling,evo_g000034_c1,2026-03-20 13:08:53,,,,,0.003275,19.47124,,,,,,,14.1662,17.8149,32.9618,4.102,3.3695,13.0,13.0,,,,,,11.5251,PASS,
277,5_VEL_PI_leg_cycling,evo_g000034_c3,2026-03-20 13:08:53,,,,,0.003163,19.611292,,,,,,,14.9823,22.1262,34.1184,3.898,3.9393,13.0,13.0,,,,,,13.3161,PASS,
288,5_VEL_PI_leg_cycling,evo_g000035_c6,2026-03-20 13:08:53,,,,,0.003165,19.625604,,,,,,,13.9351,35.6825,10.1229,1.746,4.0743,13.0,4.066,,,,,,213.6164,FAIL,fell over
284,5_VEL_PI_leg_cycling,evo_g000035_c2,2026-03-20 13:08:53,,,,,0.003151,20.0,,,,,,,14.4832,35.2079,10.9273,1.916,4.4747,13.0,4.102,,,,,,214.8724,FAIL,fell over
287,5_VEL_PI_leg_cycling,evo_g000035_c5,2026-03-20 13:08:54,,,,,0.003271,20.0,,,,,,,13.8855,18.6608,32.904,5.138,3.7824,13.0,13.0,,,,,,12.7358,PASS,
286,5_VEL_PI_leg_cycling,evo_g000035_c4,2026-03-20 13:08:54,,,,,0.003155,19.941524,,,,,,,13.3635,19.089,28.5525,3.738,3.3675,13.0,13.0,,,,,,11.4389,PASS,
285,5_VEL_PI_leg_cycling,evo_g000035_c3,2026-03-20 13:08:54,,,,,0.003145,19.848549,,,,,,,14.743,19.5108,33.262,5.782,3.8614,13.0,13.0,,,,,,13.0585,PASS,
283,5_VEL_PI_leg_cycling,evo_g000035_c1,2026-03-20 13:08:54,,,,,0.003199,19.109738,,,,,,,15.2784,39.5599,31.6183,3.106,3.3445,13.0,13.0,,,,,,11.5613,PASS,
282,5_VEL_PI_leg_cycling,evo_g000035_c0,2026-03-20 13:08:54,,,,,0.003157,19.76859,,,,,,,14.1829,19.0218,32.8506,4.796,3.5416,13.0,13.0,,,,,,12.0431,PASS,
289,5_VEL_PI_leg_cycling,evo_g000035_c7,2026-03-20 13:08:54,,,,,0.003273,20.0,,,,,,,14.2952,18.9384,27.3973,3.474,3.1044,13.0,13.0,,,,,,10.7427,PASS,
295,5_VEL_PI_leg_cycling,evo_g000036_c5,2026-03-20 13:08:54,,,,,0.003189,19.918711,,,,,,,13.4553,34.601,15.567,1.764,6.5108,13.0,4.15,,,,,,220.8779,FAIL,fell over
292,5_VEL_PI_leg_cycling,evo_g000036_c2,2026-03-20 13:08:54,,,,,0.003238,20.0,,,,,,,14.7639,32.5229,17.3893,2.15,6.321,13.0,4.4,,,,,,220.4394,FAIL,fell over
291,5_VEL_PI_leg_cycling,evo_g000036_c1,2026-03-20 13:08:55,,,,,0.003178,19.46986,,,,,,,14.945,20.7111,29.0713,5.186,3.3348,13.0,13.0,,,,,,11.4989,PASS,
293,5_VEL_PI_leg_cycling,evo_g000036_c3,2026-03-20 13:08:55,,,,,0.00333,19.880436,,,,,,,14.5999,19.757,34.7137,4.0,3.7715,13.0,13.0,,,,,,12.7745,PASS,
294,5_VEL_PI_leg_cycling,evo_g000036_c4,2026-03-20 13:08:55,,,,,0.003303,19.976,,,,,,,14.8754,26.1259,27.488,5.92,3.2514,13.0,13.0,,,,,,11.2417,PASS,
296,5_VEL_PI_leg_cycling,evo_g000036_c6,2026-03-20 13:08:55,,,,,0.003114,19.533012,,,,,,,13.8405,18.2176,25.034,2.596,2.6557,13.0,13.0,,,,,,9.3512,PASS,
297,5_VEL_PI_leg_cycling,evo_g000036_c7,2026-03-20 13:08:55,,,,,0.003295,19.223552,,,,,,,14.5836,17.7341,23.2691,2.658,2.4723,13.0,13.0,,,,,,8.8753,PASS,
290,5_VEL_PI_leg_cycling,evo_g000036_c0,2026-03-20 13:08:55,,,,,0.003194,19.04527,,,,,,,14.2105,17.7112,25.2379,2.014,2.6682,13.0,13.0,,,,,,9.4257,PASS,
299,5_VEL_PI_leg_cycling,evo_g000037_c1,2026-03-20 13:08:56,,,,,0.003249,19.773775,,,,,,,14.65,18.8683,32.5993,6.1,3.4303,13.0,13.0,,,,,,11.7559,PASS,
298,5_VEL_PI_leg_cycling,evo_g000037_c0,2026-03-20 13:08:56,,,,,0.003159,19.133122,,,,,,,13.6162,17.597,26.7952,3.192,2.9261,13.0,13.0,,,,,,10.1399,PASS,
304,5_VEL_PI_leg_cycling,evo_g000037_c6,2026-03-20 13:08:56,,,,,0.003221,20.0,,,,,,,14.7299,19.358,33.6267,5.838,3.6682,13.0,13.0,,,,,,12.4776,PASS,
305,5_VEL_PI_leg_cycling,evo_g000037_c7,2026-03-20 13:08:56,,,,,0.003114,19.801461,,,,,,,14.2246,17.8225,27.8247,5.53,3.0913,13.0,13.0,,,,,,10.6964,PASS,
300,5_VEL_PI_leg_cycling,evo_g000037_c2,2026-03-20 13:08:56,,,,,0.003163,20.0,,,,,,,13.2634,18.0182,27.037,4.636,2.9822,13.0,13.0,,,,,,10.2729,PASS,
301,5_VEL_PI_leg_cycling,evo_g000037_c3,2026-03-20 13:08:56,,,,,0.003288,20.0,,,,,,,13.1913,18.1496,30.7213,4.338,3.2216,13.0,13.0,,,,,,10.9839,PASS,
302,5_VEL_PI_leg_cycling,evo_g000037_c4,2026-03-20 13:08:56,,,,,0.003122,20.0,,,,,,,13.6317,17.5913,30.2986,2.76,3.2252,13.0,13.0,,,,,,11.0388,PASS,
303,5_VEL_PI_leg_cycling,evo_g000037_c5,2026-03-20 13:08:56,,,,,0.003233,20.0,,,,,,,14.0803,20.2383,36.097,4.378,4.0251,13.0,13.0,,,,,,13.4833,PASS,
306,5_VEL_PI_leg_cycling,evo_g000038_c0,2026-03-20 13:08:56,,,,,0.003219,20.0,,,,,,,14.4932,34.1145,12.1389,1.904,4.5397,13.0,4.212,,,,,,215.0684,FAIL,fell over
312,5_VEL_PI_leg_cycling,evo_g000038_c6,2026-03-20 13:08:56,,,,,0.003114,20.0,,,,,,,14.0465,31.8516,16.4559,2.13,6.1749,13.0,4.464,,,,,,219.9293,FAIL,fell over
313,5_VEL_PI_leg_cycling,evo_g000038_c7,2026-03-20 13:08:56,,,,,0.003203,19.829688,,,,,,,14.769,58.7408,27.4175,5.204,4.4199,13.0,9.146,,,,,,214.7366,FAIL,fell over
307,5_VEL_PI_leg_cycling,evo_g000038_c1,2026-03-20 13:08:56,,,,,0.003215,20.0,,,,,,,13.7152,18.0086,30.1314,5.522,3.0393,13.0,13.0,,,,,,10.4894,PASS,
308,5_VEL_PI_leg_cycling,evo_g000038_c2,2026-03-20 13:08:56,,,,,0.003285,20.0,,,,,,,14.2046,17.7691,35.8387,5.192,3.9811,13.0,13.0,,,,,,13.3638,PASS,
310,5_VEL_PI_leg_cycling,evo_g000038_c4,2026-03-20 13:08:56,,,,,0.003094,20.0,,,,,,,13.1886,17.8765,28.5763,4.514,3.1988,13.0,13.0,,,,,,10.9153,PASS,
309,5_VEL_PI_leg_cycling,evo_g000038_c3,2026-03-20 13:08:56,,,,,0.003302,20.0,,,,,,,13.5108,17.5764,32.2106,3.738,3.5446,13.0,13.0,,,,,,11.9849,PASS,
311,5_VEL_PI_leg_cycling,evo_g000038_c5,2026-03-20 13:08:56,,,,,0.003195,19.809934,,,,,,,13.7856,17.5937,28.3115,2.01,2.9198,13.0,13.0,,,,,,10.138,PASS,
317,5_VEL_PI_leg_cycling,evo_g000039_c3,2026-03-20 13:08:57,,,,,0.003176,20.0,,,,,,,15.9184,54.7517,9.833,1.662,3.8114,13.0,4.066,,,,,,213.026,FAIL,fell over
318,5_VEL_PI_leg_cycling,evo_g000039_c4,2026-03-20 13:08:57,,,,,0.003181,19.757043,,,,,,,19.3871,56.4107,22.2386,3.522,6.2387,13.0,5.894,,,,,,220.6548,FAIL,fell over
315,5_VEL_PI_leg_cycling,evo_g000039_c1,2026-03-20 13:08:57,,,,,0.003203,20.0,,,,,,,13.9587,31.5819,21.8268,4.07,4.2762,13.0,8.518,,,,,,214.2245,FAIL,fell over
321,5_VEL_PI_leg_cycling,evo_g000039_c7,2026-03-20 13:08:57,,,,,0.00323,19.962837,,,,,,,15.9314,52.7236,33.006,4.592,3.9118,13.0,13.0,,,,,,13.3285,PASS,
316,5_VEL_PI_leg_cycling,evo_g000039_c2,2026-03-20 13:08:57,,,,,0.003167,20.0,,,,,,,14.4524,18.5005,26.2241,4.846,2.9478,13.0,13.0,,,,,,10.2886,PASS,
319,5_VEL_PI_leg_cycling,evo_g000039_c5,2026-03-20 13:08:57,,,,,0.003246,19.670106,,,,,,,14.5173,23.7823,28.7219,3.232,3.1947,13.0,13.0,,,,,,11.0358,PASS,
320,5_VEL_PI_leg_cycling,evo_g000039_c6,2026-03-20 13:08:57,,,,,0.003193,20.0,,,,,,,13.6654,18.106,29.6254,3.87,3.2693,13.0,13.0,,,,,,11.1744,PASS,
314,5_VEL_PI_leg_cycling,evo_g000039_c0,2026-03-20 13:08:57,,,,,0.003147,20.0,,,,,,,14.985,21.8341,30.0498,5.116,3.6782,13.0,13.0,,,,,,12.5331,PASS,
322,5_VEL_PI_leg_cycling,evo_g000040_c0,2026-03-20 13:08:58,,,,,0.003182,19.308413,,,,,,,14.5784,36.8863,25.3649,3.608,4.5605,13.0,8.012,,,,,,215.1393,FAIL,fell over
328,5_VEL_PI_leg_cycling,evo_g000040_c6,2026-03-20 13:08:58,,,,,0.003238,19.50657,,,,,,,13.8202,20.4457,30.7206,3.642,3.34,13.0,13.0,,,,,,11.402,PASS,
327,5_VEL_PI_leg_cycling,evo_g000040_c5,2026-03-20 13:08:58,,,,,0.003196,20.0,,,,,,,15.3534,31.5791,26.9606,2.214,2.9226,13.0,13.0,,,,,,10.3031,PASS,
324,5_VEL_PI_leg_cycling,evo_g000040_c2,2026-03-20 13:08:58,,,,,0.003099,19.796036,,,,,,,14.3035,25.2212,27.9304,2.638,3.0584,13.0,13.0,,,,,,10.6056,PASS,
326,5_VEL_PI_leg_cycling,evo_g000040_c4,2026-03-20 13:08:58,,,,,0.003074,20.0,,,,,,,14.3791,24.1409,37.0597,6.004,3.9878,13.0,13.0,,,,,,13.4013,PASS,
323,5_VEL_PI_leg_cycling,evo_g000040_c1,2026-03-20 13:08:58,,,,,0.003114,20.0,,,,,,,14.574,18.4556,36.806,5.346,3.9293,13.0,13.0,,,,,,13.2453,PASS,
329,5_VEL_PI_leg_cycling,evo_g000040_c7,2026-03-20 13:08:58,,,,,0.003212,19.598546,,,,,,,14.3596,18.4769,32.682,4.876,3.4994,13.0,13.0,,,,,,11.9342,PASS,
325,5_VEL_PI_leg_cycling,evo_g000040_c3,2026-03-20 13:08:58,,,,,0.003254,19.050711,,,,,,,14.6919,18.9534,24.8519,3.49,2.5828,13.0,13.0,,,,,,9.2176,PASS,
333,5_VEL_PI_leg_cycling,evo_g000041_c3,2026-03-20 13:08:59,,,,,0.003233,19.943998,,,,,,,15.3877,59.0737,13.6225,2.208,4.8459,13.0,4.574,,,,,,216.0765,FAIL,fell over
334,5_VEL_PI_leg_cycling,evo_g000041_c4,2026-03-20 13:08:59,,,,,0.003139,19.752506,,,,,,,15.3626,51.7101,26.6186,3.614,5.1927,13.0,7.876,,,,,,217.1144,FAIL,fell over
337,5_VEL_PI_leg_cycling,evo_g000041_c7,2026-03-20 13:08:59,,,,,0.003212,20.0,,,,,,,15.0107,36.7349,20.1641,3.43,4.1144,13.0,8.0,,,,,,213.8443,FAIL,fell over
335,5_VEL_PI_leg_cycling,evo_g000041_c5,2026-03-20 13:08:59,,,,,0.003162,20.0,,,,,,,13.7925,18.7144,29.7575,3.846,3.3496,13.0,13.0,,,,,,11.4281,PASS,
336,5_VEL_PI_leg_cycling,evo_g000041_c6,2026-03-20 13:08:59,,,,,0.003172,19.878346,,,,,,,17.0187,42.8729,40.9651,6.036,5.0884,13.0,12.778,,,,,,216.9671,FAIL,fell over
332,5_VEL_PI_leg_cycling,evo_g000041_c2,2026-03-20 13:08:59,,,,,0.00318,20.0,,,,,,,14.2592,17.5849,32.0337,3.308,3.2537,13.0,13.0,,,,,,11.187,PASS,
331,5_VEL_PI_leg_cycling,evo_g000041_c1,2026-03-20 13:08:59,,,,,0.003371,20.0,,,,,,,13.8222,17.5704,32.6752,3.068,3.3377,13.0,13.0,,,,,,11.3953,PASS,
330,5_VEL_PI_leg_cycling,evo_g000041_c0,2026-03-20 13:08:59,,,,,0.003312,19.804546,,,,,,,14.6482,18.3022,30.0146,3.3,3.3065,13.0,13.0,,,,,,11.3843,PASS,
342,5_VEL_PI_leg_cycling,evo_g000042_c4,2026-03-20 13:08:59,,,,,0.003173,20.0,,,,,,,13.8203,31.1761,17.2462,2.1,6.3113,13.0,4.586,,,,,,220.3159,FAIL,fell over
339,5_VEL_PI_leg_cycling,evo_g000042_c1,2026-03-20 13:09:00,,,,,0.003316,19.92571,,,,,,,14.0105,44.5524,28.5798,3.63,3.7599,13.0,11.46,,,,,,212.6807,FAIL,fell over
341,5_VEL_PI_leg_cycling,evo_g000042_c3,2026-03-20 13:09:00,,,,,0.0032,20.0,,,,,,,14.5332,19.9988,24.731,3.63,2.8135,13.0,13.0,,,,,,9.8938,PASS,
343,5_VEL_PI_leg_cycling,evo_g000042_c5,2026-03-20 13:09:00,,,,,0.00311,19.389607,,,,,,,14.3223,17.7211,26.0975,1.996,2.8737,13.0,13.0,,,,,,10.0533,PASS,
338,5_VEL_PI_leg_cycling,evo_g000042_c0,2026-03-20 13:09:00,,,,,0.003347,20.0,,,,,,,14.0389,18.5823,29.8091,4.038,3.1001,13.0,13.0,,,,,,10.7042,PASS,
344,5_VEL_PI_leg_cycling,evo_g000042_c6,2026-03-20 13:09:00,,,,,0.003132,20.0,,,,,,,13.6115,17.6101,33.1318,3.85,3.4816,13.0,13.0,,,,,,11.8059,PASS,
340,5_VEL_PI_leg_cycling,evo_g000042_c2,2026-03-20 13:09:00,,,,,0.003203,20.0,,,,,,,14.1137,17.7213,24.6335,1.162,2.6927,13.0,13.0,,,,,,9.4895,PASS,
345,5_VEL_PI_leg_cycling,evo_g000042_c7,2026-03-20 13:09:00,,,,,0.003266,18.942842,,,,,,,14.8493,23.2871,31.6279,3.924,3.4832,13.0,13.0,,,,,,11.9345,PASS,
350,5_VEL_PI_leg_cycling,evo_g000043_c4,2026-03-20 13:09:00,,,,,0.003294,19.786428,,,,,,,16.3833,43.6346,14.8132,2.116,5.735,13.0,4.342,,,,,,218.8433,FAIL,fell over
347,5_VEL_PI_leg_cycling,evo_g000043_c1,2026-03-20 13:09:01,,,,,0.003073,19.531257,,,,,,,14.5405,31.1495,27.4207,4.152,4.6593,13.0,8.59,,,,,,215.432,FAIL,fell over
348,5_VEL_PI_leg_cycling,evo_g000043_c2,2026-03-20 13:09:01,,,,,0.003264,19.919711,,,,,,,13.8523,55.3544,30.6281,5.206,3.5478,13.0,12.114,,,,,,212.0286,FAIL,fell over
349,5_VEL_PI_leg_cycling,evo_g000043_c3,2026-03-20 13:09:01,,,,,0.003149,20.0,,,,,,,14.0416,19.9676,31.9449,6.25,3.4966,13.0,13.0,,,,,,11.894,PASS,
351,5_VEL_PI_leg_cycling,evo_g000043_c5,2026-03-20 13:09:01,,,,,0.003247,19.673745,,,,,,,14.372,18.3327,24.2541,2.728,2.6132,13.0,13.0,,,,,,9.2768,PASS,
352,5_VEL_PI_leg_cycling,evo_g000043_c6,2026-03-20 13:09:01,,,,,0.003073,19.463558,,,,,,,13.1952,18.3834,34.9922,6.456,3.8981,13.0,13.0,,,,,,13.0138,PASS,
353,5_VEL_PI_leg_cycling,evo_g000043_c7,2026-03-20 13:09:01,,,,,0.003213,18.277759,,,,,,,14.345,19.4546,28.3448,3.304,2.8858,13.0,13.0,,,,,,10.0919,PASS,
346,5_VEL_PI_leg_cycling,evo_g000043_c0,2026-03-20 13:09:01,,,,,0.003194,19.63723,,,,,,,13.2205,18.596,30.9907,4.196,3.3636,13.0,13.0,,,,,,11.4128,PASS,
357,5_VEL_PI_leg_cycling,evo_g000044_c3,2026-03-20 13:09:01,,,,,0.003247,20.0,,,,,,,16.1912,57.3987,16.67,2.054,5.8879,13.0,4.29,,,,,,219.2828,FAIL,fell over
359,5_VEL_PI_leg_cycling,evo_g000044_c5,2026-03-20 13:09:01,,,,,0.003183,19.957372,,,,,,,14.9213,33.0294,16.1925,1.808,6.2242,13.0,4.332,,,,,,220.1647,FAIL,fell over
358,5_VEL_PI_leg_cycling,evo_g000044_c4,2026-03-20 13:09:02,,,,,0.003252,19.713088,,,,,,,14.3471,17.766,36.7951,3.494,3.8415,13.0,13.0,,,,,,12.9592,PASS,
361,5_VEL_PI_leg_cycling,evo_g000044_c7,2026-03-20 13:09:02,,,,,0.00326,20.0,,,,,,,13.7196,18.1591,32.6931,7.08,3.6107,13.0,13.0,,,,,,12.2041,PASS,
354,5_VEL_PI_leg_cycling,evo_g000044_c0,2026-03-20 13:09:02,,,,,0.003309,19.700824,,,,,,,13.1552,17.949,25.3502,5.37,2.8809,13.0,13.0,,,,,,9.9582,PASS,
355,5_VEL_PI_leg_cycling,evo_g000044_c1,2026-03-20 13:09:02,,,,,0.00323,20.0,,,,,,,14.5925,18.4971,25.1407,4.868,2.764,13.0,13.0,,,,,,9.7512,PASS,
360,5_VEL_PI_leg_cycling,evo_g000044_c6,2026-03-20 13:09:02,,,,,0.003256,20.0,,,,,,,13.7425,20.4665,31.4387,3.136,3.4394,13.0,13.0,,,,,,11.6925,PASS,
356,5_VEL_PI_leg_cycling,evo_g000044_c2,2026-03-20 13:09:02,,,,,0.003094,20.0,,,,,,,14.6357,34.5402,28.7685,4.25,3.4367,13.0,13.0,,,,,,11.7737,PASS,
365,5_VEL_PI_leg_cycling,evo_g000045_c3,2026-03-20 13:09:02,,,,,0.003167,20.0,,,,,,,14.4986,35.6027,17.6283,2.896,3.1379,13.0,8.064,,,,,,210.8636,FAIL,fell over
369,5_VEL_PI_leg_cycling,evo_g000045_c7,2026-03-20 13:09:02,,,,,0.003116,19.473681,,,,,,,14.7,36.0224,20.4237,2.712,3.9795,13.0,8.098,,,,,,213.4085,FAIL,fell over
368,5_VEL_PI_leg_cycling,evo_g000045_c6,2026-03-20 13:09:03,,,,,0.003308,20.0,,,,,,,14.4681,18.2545,33.6601,4.942,3.637,13.0,13.0,,,,,,12.3578,PASS,
364,5_VEL_PI_leg_cycling,evo_g000045_c2,2026-03-20 13:09:03,,,,,0.003094,19.182692,,,,,,,13.634,23.9739,32.4914,4.686,3.5719,13.0,13.0,,,,,,12.0791,PASS,
367,5_VEL_PI_leg_cycling,evo_g000045_c5,2026-03-20 13:09:03,,,,,0.003163,19.914567,,,,,,,14.3445,20.7675,36.1639,4.694,3.9256,13.0,13.0,,,,,,13.2113,PASS,
363,5_VEL_PI_leg_cycling,evo_g000045_c1,2026-03-20 13:09:03,,,,,0.003236,19.962341,,,,,,,13.8299,19.0308,24.0774,4.382,2.7108,13.0,13.0,,,,,,9.5154,PASS,
362,5_VEL_PI_leg_cycling,evo_g000045_c0,2026-03-20 13:09:03,,,,,0.00327,20.0,,,,,,,13.7209,18.8609,30.5425,4.436,3.2921,13.0,13.0,,,,,,11.2484,PASS,
366,5_VEL_PI_leg_cycling,evo_g000045_c4,2026-03-20 13:09:03,,,,,0.003041,20.0,,,,,,,14.0008,17.6367,26.0982,3.384,3.0336,13.0,13.0,,,,,,10.5009,PASS,
370,5_VEL_PI_leg_cycling,evo_g000046_c0,2026-03-20 13:09:03,,,,,0.003236,19.811358,,,,,,,14.9504,33.1437,14.072,1.992,5.8706,13.0,4.296,,,,,,219.1068,FAIL,fell over
373,5_VEL_PI_leg_cycling,evo_g000046_c3,2026-03-20 13:09:03,,,,,0.003342,20.0,,,,,,,14.8127,23.8662,32.8813,4.502,3.1861,13.0,13.0,,,,,,11.0396,PASS,
372,5_VEL_PI_leg_cycling,evo_g000046_c2,2026-03-20 13:09:03,,,,,0.003253,20.0,,,,,,,13.6282,20.531,28.1111,4.316,3.0836,13.0,13.0,,,,,,10.6136,PASS,
374,5_VEL_PI_leg_cycling,evo_g000046_c4,2026-03-20 13:09:03,,,,,0.003224,20.0,,,,,,,13.3705,17.5902,29.0967,3.058,2.875,13.0,13.0,,,,,,9.962,PASS,
377,5_VEL_PI_leg_cycling,evo_g000046_c7,2026-03-20 13:09:03,,,,,0.003073,19.533485,,,,,,,13.9997,18.2544,27.9743,3.898,2.9202,13.0,13.0,,,,,,10.1606,PASS,
371,5_VEL_PI_leg_cycling,evo_g000046_c1,2026-03-20 13:09:03,,,,,0.003161,20.0,,,,,,,14.4333,19.2531,30.3853,5.086,3.3734,13.0,13.0,,,,,,11.5635,PASS,
376,5_VEL_PI_leg_cycling,evo_g000046_c6,2026-03-20 13:09:03,,,,,0.003131,20.0,,,,,,,14.4388,17.6459,25.9262,2.828,2.6948,13.0,13.0,,,,,,9.5283,PASS,
375,5_VEL_PI_leg_cycling,evo_g000046_c5,2026-03-20 13:09:03,,,,,0.003149,20.0,,,,,,,13.4777,31.0974,28.9991,4.776,3.2292,13.0,13.0,,,,,,11.0354,PASS,
380,5_VEL_PI_leg_cycling,evo_g000047_c2,2026-03-20 13:09:04,,,,,0.003188,20.0,,,,,,,13.972,18.5361,31.8527,5.164,3.0913,13.0,13.0,,,,,,10.6711,PASS,
381,5_VEL_PI_leg_cycling,evo_g000047_c3,2026-03-20 13:09:04,,,,,0.003298,19.431778,,,,,,,14.296,19.7076,30.9271,4.356,3.4099,13.0,13.0,,,,,,11.6593,PASS,
382,5_VEL_PI_leg_cycling,evo_g000047_c4,2026-03-20 13:09:04,,,,,0.003242,19.750797,,,,,,,14.4383,19.2267,28.2751,3.954,3.1544,13.0,13.0,,,,,,10.907,PASS,
383,5_VEL_PI_leg_cycling,evo_g000047_c5,2026-03-20 13:09:04,,,,,0.003163,20.0,,,,,,,12.9467,17.7324,28.8096,4.712,3.1293,13.0,13.0,,,,,,10.6826,PASS,
384,5_VEL_PI_leg_cycling,evo_g000047_c6,2026-03-20 13:09:04,,,,,0.003195,20.0,,,,,,,13.7333,17.6438,31.0732,3.726,3.3627,13.0,13.0,,,,,,11.4614,PASS,
379,5_VEL_PI_leg_cycling,evo_g000047_c1,2026-03-20 13:09:04,,,,,0.003298,20.0,,,,,,,14.7807,20.3792,26.2135,5.542,2.9009,13.0,13.0,,,,,,10.1808,PASS,
378,5_VEL_PI_leg_cycling,evo_g000047_c0,2026-03-20 13:09:04,,,,,0.003252,20.0,,,,,,,12.8801,18.4924,30.4485,5.05,3.5261,13.0,13.0,,,,,,11.8663,PASS,
385,5_VEL_PI_leg_cycling,evo_g000047_c7,2026-03-20 13:09:04,,,,,0.003189,20.0,,,,,,,13.6874,17.6159,31.7171,3.588,3.5006,13.0,13.0,,,,,,11.8705,PASS,
392,5_VEL_PI_leg_cycling,evo_g000048_c6,2026-03-20 13:09:05,,,,,0.003224,19.768104,,,,,,,14.3738,32.4919,14.5286,2.112,4.992,13.0,4.378,,,,,,216.4134,FAIL,fell over
393,5_VEL_PI_leg_cycling,evo_g000048_c7,2026-03-20 13:09:05,,,,,0.003096,19.353083,,,,,,,14.4101,33.8113,15.6347,1.986,6.3774,13.0,4.242,,,,,,220.5732,FAIL,fell over
386,5_VEL_PI_leg_cycling,evo_g000048_c0,2026-03-20 13:09:05,,,,,0.00324,20.0,,,,,,,16.2929,39.2416,19.1832,2.482,6.7562,13.0,4.928,,,,,,221.8979,FAIL,fell over
389,5_VEL_PI_leg_cycling,evo_g000048_c3,2026-03-20 13:09:05,,,,,0.003159,19.237185,,,,,,,13.5908,17.5562,30.9156,2.752,3.4842,13.0,13.0,,,,,,11.8117,PASS,
388,5_VEL_PI_leg_cycling,evo_g000048_c2,2026-03-20 13:09:05,,,,,0.003189,19.434322,,,,,,,14.6134,18.4647,28.7123,3.284,3.0475,13.0,13.0,,,,,,10.6038,PASS,
387,5_VEL_PI_leg_cycling,evo_g000048_c1,2026-03-20 13:09:05,,,,,0.003307,19.95801,,,,,,,14.4763,19.9407,24.6484,3.854,2.694,13.0,13.0,,,,,,9.5296,PASS,
390,5_VEL_PI_leg_cycling,evo_g000048_c4,2026-03-20 13:09:05,,,,,0.0031,20.0,,,,,,,13.718,18.4806,28.2518,3.15,3.2832,13.0,13.0,,,,,,11.2214,PASS,
391,5_VEL_PI_leg_cycling,evo_g000048_c5,2026-03-20 13:09:05,,,,,0.003195,19.133605,,,,,,,13.5139,19.3141,24.4503,5.826,2.6916,13.0,13.0,,,,,,9.4262,PASS,
395,5_VEL_PI_leg_cycling,evo_g000049_c1,2026-03-20 13:09:06,,,,,0.003179,19.778752,,,,,,,12.9107,34.7841,11.5559,1.706,4.1791,13.0,4.118,,,,,,213.8284,FAIL,fell over
400,5_VEL_PI_leg_cycling,evo_g000049_c6,2026-03-20 13:09:06,,,,,0.003247,20.0,,,,,,,17.2244,46.6717,14.8171,1.996,6.0922,13.0,4.216,,,,,,219.999,FAIL,fell over
394,5_VEL_PI_leg_cycling,evo_g000049_c0,2026-03-20 13:09:06,,,,,0.003169,19.842765,,,,,,,13.6156,32.472,25.4404,3.584,4.6074,13.0,8.37,,,,,,215.1838,FAIL,fell over
401,5_VEL_PI_leg_cycling,evo_g000049_c7,2026-03-20 13:09:06,,,,,0.003258,20.0,,,,,,,14.4902,17.7843,28.7499,3.356,3.1809,13.0,13.0,,,,,,10.9917,PASS,
396,5_VEL_PI_leg_cycling,evo_g000049_c2,2026-03-20 13:09:06,,,,,0.00315,20.0,,,,,,,14.2375,22.5432,33.2852,5.39,3.6426,13.0,13.0,,,,,,12.3515,PASS,
397,5_VEL_PI_leg_cycling,evo_g000049_c3,2026-03-20 13:09:06,,,,,0.003256,19.610218,,,,,,,12.6353,18.292,27.7587,4.92,3.2392,13.0,13.0,,,,,,10.9811,PASS,
399,5_VEL_PI_leg_cycling,evo_g000049_c5,2026-03-20 13:09:06,,,,,0.003313,19.977414,,,,,,,13.4508,17.6243,37.4441,5.724,3.9991,13.0,13.0,,,,,,13.3424,PASS,
398,5_VEL_PI_leg_cycling,evo_g000049_c4,2026-03-20 13:09:06,,,,,0.00323,19.916541,,,,,,,14.0935,17.8719,31.7563,3.368,3.4281,13.0,13.0,,,,,,11.6936,PASS,
405,5_VEL_PI_leg_cycling,evo_g000050_c3,2026-03-20 13:09:07,,,,,0.003365,20.0,,,,,,,14.5267,41.0591,19.3904,3.52,3.4551,13.0,7.766,,,,,,211.818,FAIL,fell over
408,5_VEL_PI_leg_cycling,evo_g000050_c6,2026-03-20 13:09:07,,,,,0.003249,19.826625,,,,,,,14.7508,31.0754,30.5621,4.14,5.237,13.0,8.582,,,,,,217.1861,FAIL,fell over
406,5_VEL_PI_leg_cycling,evo_g000050_c4,2026-03-20 13:09:07,,,,,0.003151,20.0,,,,,,,13.6837,18.0313,31.8552,5.172,3.5282,13.0,13.0,,,,,,11.953,PASS,
402,5_VEL_PI_leg_cycling,evo_g000050_c0,2026-03-20 13:09:07,,,,,0.003113,20.0,,,,,,,14.7149,18.9819,30.2518,5.676,3.1161,13.0,13.0,,,,,,10.8198,PASS,
403,5_VEL_PI_leg_cycling,evo_g000050_c1,2026-03-20 13:09:07,,,,,0.003213,20.0,,,,,,,13.5755,17.6734,32.6315,3.592,3.4035,13.0,13.0,,,,,,11.568,PASS,
409,5_VEL_PI_leg_cycling,evo_g000050_c7,2026-03-20 13:09:07,,,,,0.003209,19.322513,,,,,,,13.2705,17.9534,26.0181,5.018,3.0141,13.0,13.0,,,,,,10.3694,PASS,
407,5_VEL_PI_leg_cycling,evo_g000050_c5,2026-03-20 13:09:07,,,,,0.003243,20.0,,,,,,,13.5388,17.6351,29.6207,3.2,3.2481,13.0,13.0,,,,,,11.0982,PASS,
404,5_VEL_PI_leg_cycling,evo_g000050_c2,2026-03-20 13:09:07,,,,,0.003186,20.0,,,,,,,14.1866,17.7365,24.4018,2.08,2.6963,13.0,13.0,,,,,,9.5076,PASS,
414,5_VEL_PI_leg_cycling,evo_g000051_c4,2026-03-20 13:09:07,,,,,0.003109,19.534171,,,,,,,14.4857,32.7397,13.8369,2.228,5.4909,13.0,4.348,,,,,,217.9213,FAIL,fell over
411,5_VEL_PI_leg_cycling,evo_g000051_c1,2026-03-20 13:09:08,,,,,0.0033,20.0,,,,,,,14.1195,31.3241,32.1409,4.778,4.9972,13.0,9.31,,,,,,216.4035,FAIL,fell over
413,5_VEL_PI_leg_cycling,evo_g000051_c3,2026-03-20 13:09:08,,,,,0.003213,19.512039,,,,,,,12.9111,18.3744,27.4135,4.298,3.0899,13.0,13.0,,,,,,10.5608,PASS,
410,5_VEL_PI_leg_cycling,evo_g000051_c0,2026-03-20 13:09:08,,,,,0.003092,20.0,,,,,,,13.7062,20.7123,27.0165,2.944,2.9656,13.0,13.0,,,,,,10.2674,PASS,
412,5_VEL_PI_leg_cycling,evo_g000051_c2,2026-03-20 13:09:08,,,,,0.003231,19.819043,,,,,,,14.0369,26.7967,33.9752,5.624,3.7396,13.0,13.0,,,,,,12.6225,PASS,
415,5_VEL_PI_leg_cycling,evo_g000051_c5,2026-03-20 13:09:08,,,,,0.003256,20.0,,,,,,,13.8832,18.4644,28.969,4.466,2.9496,13.0,13.0,,,,,,10.2371,PASS,
416,5_VEL_PI_leg_cycling,evo_g000051_c6,2026-03-20 13:09:08,,,,,0.003168,19.733248,,,,,,,13.098,18.5951,34.313,5.616,3.8968,13.0,13.0,,,,,,13.0002,PASS,
417,5_VEL_PI_leg_cycling,evo_g000051_c7,2026-03-20 13:09:08,,,,,0.003202,19.131805,,,,,,,14.7117,18.0962,32.0074,3.916,3.4629,13.0,13.0,,,,,,11.8599,PASS,
421,5_VEL_PI_leg_cycling,evo_g000052_c3,2026-03-20 13:09:08,,,,,0.003194,19.788716,,,,,,,13.893,31.2161,18.6625,2.48,5.7971,13.0,4.798,,,,,,218.7806,FAIL,fell over
419,5_VEL_PI_leg_cycling,evo_g000052_c1,2026-03-20 13:09:09,,,,,0.003177,19.955866,,,,,,,14.1704,19.7331,35.5215,6.848,3.7073,13.0,13.0,,,,,,12.5389,PASS,
424,5_VEL_PI_leg_cycling,evo_g000052_c6,2026-03-20 13:09:09,,,,,0.00317,19.691848,,,,,,,12.5566,18.1319,33.5235,4.9,3.6738,13.0,13.0,,,,,,12.2771,PASS,
418,5_VEL_PI_leg_cycling,evo_g000052_c0,2026-03-20 13:09:09,,,,,0.003211,20.0,,,,,,,13.5883,17.6909,28.1421,3.898,3.0839,13.0,13.0,,,,,,10.6105,PASS,
425,5_VEL_PI_leg_cycling,evo_g000052_c7,2026-03-20 13:09:09,,,,,0.003234,19.941908,,,,,,,13.5595,18.2748,31.9311,5.74,3.3605,13.0,13.0,,,,,,11.4375,PASS,
423,5_VEL_PI_leg_cycling,evo_g000052_c5,2026-03-20 13:09:09,,,,,0.003175,19.624665,,,,,,,13.7967,19.6136,29.1277,5.312,3.1879,13.0,13.0,,,,,,10.9434,PASS,
420,5_VEL_PI_leg_cycling,evo_g000052_c2,2026-03-20 13:09:09,,,,,0.003171,20.0,,,,,,,13.9726,18.6695,31.8095,5.802,3.7766,13.0,13.0,,,,,,12.7271,PASS,
422,5_VEL_PI_leg_cycling,evo_g000052_c4,2026-03-20 13:09:09,,,,,0.00331,19.719319,,,,,,,14.4947,17.7175,23.9085,4.424,2.6772,13.0,13.0,,,,,,9.4811,PASS,
429,5_VEL_PI_leg_cycling,evo_g000053_c3,2026-03-20 13:09:09,,,,,0.003343,19.778525,,,,,,,14.5884,31.5807,18.5063,2.348,6.3703,13.0,4.776,,,,,,220.5697,FAIL,fell over
433,5_VEL_PI_leg_cycling,evo_g000053_c7,2026-03-20 13:09:09,,,,,0.003301,19.259182,,,,,,,15.2111,53.8442,27.5953,4.96,4.023,13.0,10.112,,,,,,213.5901,FAIL,fell over
427,5_VEL_PI_leg_cycling,evo_g000053_c1,2026-03-20 13:09:10,,,,,0.003163,20.0,,,,,,,13.5041,17.5815,26.3891,2.434,3.0261,13.0,13.0,,,,,,10.4287,PASS,
426,5_VEL_PI_leg_cycling,evo_g000053_c0,2026-03-20 13:09:10,,,,,0.003077,20.0,,,,,,,13.925,17.5374,28.1101,3.284,3.0406,13.0,13.0,,,,,,10.5143,PASS,
428,5_VEL_PI_leg_cycling,evo_g000053_c2,2026-03-20 13:09:10,,,,,0.00327,19.747301,,,,,,,13.3343,17.5462,28.8744,3.18,3.1439,13.0,13.0,,,,,,10.7651,PASS,
430,5_VEL_PI_leg_cycling,evo_g000053_c4,2026-03-20 13:09:10,,,,,0.003255,20.0,,,,,,,14.1795,17.6608,32.7539,4.402,3.7585,13.0,13.0,,,,,,12.6935,PASS,
431,5_VEL_PI_leg_cycling,evo_g000053_c5,2026-03-20 13:09:10,,,,,0.003205,19.546998,,,,,,,15.0184,17.9896,28.9834,2.572,2.8772,13.0,13.0,,,,,,10.1334,PASS,
432,5_VEL_PI_leg_cycling,evo_g000053_c6,2026-03-20 13:09:10,,,,,0.003317,20.0,,,,,,,13.5236,17.6137,30.3271,2.59,3.458,13.0,13.0,,,,,,11.7264,PASS,
438,5_VEL_PI_leg_cycling,evo_g000054_c4,2026-03-20 13:09:10,,,,,0.003208,19.6961,,,,,,,14.5848,32.2057,20.4166,3.998,3.2719,13.0,8.402,,,,,,211.2742,FAIL,fell over
441,5_VEL_PI_leg_cycling,evo_g000054_c7,2026-03-20 13:09:10,,,,,0.003232,20.0,,,,,,,13.3806,17.653,33.8393,4.288,3.4749,13.0,13.0,,,,,,11.7628,PASS,
440,5_VEL_PI_leg_cycling,evo_g000054_c6,2026-03-20 13:09:10,,,,,0.003307,20.0,,,,,,,14.1802,20.8647,31.0727,4.782,3.5268,13.0,13.0,,,,,,11.9984,PASS,
436,5_VEL_PI_leg_cycling,evo_g000054_c2,2026-03-20 13:09:10,,,,,0.003164,20.0,,,,,,,14.2244,18.9249,31.7764,6.122,3.5185,13.0,13.0,,,,,,11.9779,PASS,
439,5_VEL_PI_leg_cycling,evo_g000054_c5,2026-03-20 13:09:10,,,,,0.003278,20.0,,,,,,,15.5483,33.2587,29.3112,2.122,3.0067,13.0,13.0,,,,,,10.5749,PASS,
437,5_VEL_PI_leg_cycling,evo_g000054_c3,2026-03-20 13:09:10,,,,,0.003223,18.789033,,,,,,,12.5773,18.0014,29.9798,3.178,3.0782,13.0,13.0,,,,,,10.4923,PASS,
435,5_VEL_PI_leg_cycling,evo_g000054_c1,2026-03-20 13:09:11,,,,,0.003326,20.0,,,,,,,13.664,17.7382,31.5492,3.292,3.2996,13.0,13.0,,,,,,11.2652,PASS,
434,5_VEL_PI_leg_cycling,evo_g000054_c0,2026-03-20 13:09:11,,,,,0.003241,19.699336,,,,,,,14.1034,17.6129,26.222,4.818,2.9783,13.0,13.0,,,,,,10.3452,PASS,
447,5_VEL_PI_leg_cycling,evo_g000055_c5,2026-03-20 13:09:11,,,,,0.003163,19.860389,,,,,,,14.7699,32.4397,14.2285,1.862,5.1409,13.0,4.356,,,,,,216.8997,FAIL,fell over
442,5_VEL_PI_leg_cycling,evo_g000055_c0,2026-03-20 13:09:11,,,,,0.003253,20.0,,,,,,,15.3005,34.5909,19.9418,3.74,3.3817,13.0,8.15,,,,,,211.6752,FAIL,fell over
449,5_VEL_PI_leg_cycling,evo_g000055_c7,2026-03-20 13:09:11,,,,,0.003183,19.61758,,,,,,,14.8219,19.6707,34.2504,6.602,3.4256,13.0,13.0,,,,,,11.759,PASS,
445,5_VEL_PI_leg_cycling,evo_g000055_c3,2026-03-20 13:09:11,,,,,0.003274,20.0,,,,,,,14.1003,18.6096,37.6328,4.966,4.1644,13.0,13.0,,,,,,13.9032,PASS,
446,5_VEL_PI_leg_cycling,evo_g000055_c4,2026-03-20 13:09:11,,,,,0.003158,19.683405,,,,,,,12.7846,17.4426,22.2073,2.516,2.5956,13.0,13.0,,,,,,9.0653,PASS,
443,5_VEL_PI_leg_cycling,evo_g000055_c1,2026-03-20 13:09:11,,,,,0.003121,19.895898,,,,,,,13.6331,17.5821,28.6849,3.526,3.1636,13.0,13.0,,,,,,10.8541,PASS,
444,5_VEL_PI_leg_cycling,evo_g000055_c2,2026-03-20 13:09:11,,,,,0.003267,19.951949,,,,,,,14.5687,17.6844,32.5606,3.782,3.3914,13.0,13.0,,,,,,11.6311,PASS,
448,5_VEL_PI_leg_cycling,evo_g000055_c6,2026-03-20 13:09:11,,,,,0.00324,19.930852,,,,,,,14.0548,22.4834,29.6179,4.278,3.2392,13.0,13.0,,,,,,11.1231,PASS,
456,5_VEL_PI_leg_cycling,evo_g000056_c6,2026-03-20 13:09:12,,,,,0.003258,19.952806,,,,,,,13.3835,31.791,10.6311,2.042,3.7554,13.0,4.462,,,,,,212.6045,FAIL,fell over
455,5_VEL_PI_leg_cycling,evo_g000056_c5,2026-03-20 13:09:12,,,,,0.003279,20.0,,,,,,,14.2124,43.2137,20.7865,3.3,4.0119,13.0,7.582,,,,,,213.4569,FAIL,fell over
453,5_VEL_PI_leg_cycling,evo_g000056_c3,2026-03-20 13:09:12,,,,,0.003153,19.644023,,,,,,,13.3983,47.4812,35.0897,5.336,4.3232,13.0,11.53,,,,,,214.3094,FAIL,fell over
454,5_VEL_PI_leg_cycling,evo_g000056_c4,2026-03-20 13:09:12,,,,,0.003079,19.729011,,,,,,,14.4418,23.8388,29.9982,4.326,3.1841,13.0,13.0,,,,,,10.9965,PASS,
457,5_VEL_PI_leg_cycling,evo_g000056_c7,2026-03-20 13:09:12,,,,,0.003286,20.0,,,,,,,13.8925,20.4739,26.3833,4.836,2.9704,13.0,13.0,,,,,,10.3005,PASS,
450,5_VEL_PI_leg_cycling,evo_g000056_c0,2026-03-20 13:09:12,,,,,0.00324,20.0,,,,,,,14.5979,18.24,29.6435,4.426,3.3617,13.0,13.0,,,,,,11.5449,PASS,
452,5_VEL_PI_leg_cycling,evo_g000056_c2,2026-03-20 13:09:12,,,,,0.00329,20.0,,,,,,,14.8008,18.7702,29.7666,4.772,3.3879,13.0,13.0,,,,,,11.6438,PASS,
451,5_VEL_PI_leg_cycling,evo_g000056_c1,2026-03-20 13:09:12,,,,,0.003233,20.0,,,,,,,14.4547,19.089,28.9996,5.654,3.1227,13.0,13.0,,,,,,10.8136,PASS,
463,5_VEL_PI_leg_cycling,evo_g000057_c5,2026-03-20 13:09:13,,,,,0.003158,19.285292,,,,,,,12.9726,31.9201,14.1439,2.168,5.7421,13.0,4.49,,,,,,218.5236,FAIL,fell over
464,5_VEL_PI_leg_cycling,evo_g000057_c6,2026-03-20 13:09:13,,,,,0.003288,19.338067,,,,,,,14.1014,31.6079,12.7776,2.018,4.7527,13.0,4.47,,,,,,215.6682,FAIL,fell over
462,5_VEL_PI_leg_cycling,evo_g000057_c4,2026-03-20 13:09:13,,,,,0.003204,19.55457,,,,,,,17.4048,58.4713,11.385,2.63,3.6986,13.0,4.94,,,,,,212.8363,FAIL,fell over
458,5_VEL_PI_leg_cycling,evo_g000057_c0,2026-03-20 13:09:13,,,,,0.003229,20.0,,,,,,,14.8095,58.8486,12.4472,2.148,4.4474,13.0,4.516,,,,,,214.8231,FAIL,fell over
460,5_VEL_PI_leg_cycling,evo_g000057_c2,2026-03-20 13:09:13,,,,,0.00309,20.0,,,,,,,14.7133,18.4226,27.2264,4.634,3.0766,13.0,13.0,,,,,,10.7011,PASS,
461,5_VEL_PI_leg_cycling,evo_g000057_c3,2026-03-20 13:09:13,,,,,0.003167,19.973318,,,,,,,14.5404,19.5587,35.197,6.348,3.7279,13.0,13.0,,,,,,12.6377,PASS,
465,5_VEL_PI_leg_cycling,evo_g000057_c7,2026-03-20 13:09:13,,,,,0.003236,19.913,,,,,,,14.2338,17.6063,32.4218,3.76,3.3172,13.0,13.0,,,,,,11.375,PASS,
459,5_VEL_PI_leg_cycling,evo_g000057_c1,2026-03-20 13:09:13,,,,,0.003245,20.0,,,,,,,13.9733,19.4079,24.9582,3.996,2.7825,13.0,13.0,,,,,,9.7448,PASS,
473,5_VEL_PI_leg_cycling,evo_g000058_c7,2026-03-20 13:09:13,,,,,0.00304,19.086423,,,,,,,15.6146,31.4273,14.736,2.748,5.5725,13.0,4.754,,,,,,218.279,FAIL,fell over
472,5_VEL_PI_leg_cycling,evo_g000058_c6,2026-03-20 13:09:13,,,,,0.003236,20.0,,,,,,,17.6166,45.2835,14.1127,2.112,5.6606,13.0,4.364,,,,,,218.7435,FAIL,fell over
467,5_VEL_PI_leg_cycling,evo_g000058_c1,2026-03-20 13:09:13,,,,,0.003403,19.587168,,,,,,,16.3453,33.098,21.1589,2.9,6.8021,13.0,5.23,,,,,,222.0408,FAIL,fell over
470,5_VEL_PI_leg_cycling,evo_g000058_c4,2026-03-20 13:09:14,,,,,0.003157,19.836481,,,,,,,15.1063,36.896,18.9185,3.524,3.6421,13.0,7.974,,,,,,212.4369,FAIL,fell over
471,5_VEL_PI_leg_cycling,evo_g000058_c5,2026-03-20 13:09:14,,,,,0.00321,20.0,,,,,,,14.9738,41.1018,25.0956,3.804,4.547,13.0,7.71,,,,,,215.1384,FAIL,fell over
466,5_VEL_PI_leg_cycling,evo_g000058_c0,2026-03-20 13:09:14,,,,,0.003147,20.0,,,,,,,14.5965,20.5567,32.8143,6.216,3.6172,13.0,13.0,,,,,,12.3112,PASS,
468,5_VEL_PI_leg_cycling,evo_g000058_c2,2026-03-20 13:09:14,,,,,0.003187,20.0,,,,,,,14.4831,17.7877,34.3254,3.894,3.5909,13.0,13.0,,,,,,12.221,PASS,
469,5_VEL_PI_leg_cycling,evo_g000058_c3,2026-03-20 13:09:14,,,,,0.003321,19.971596,,,,,,,14.0603,17.7355,26.6111,2.832,2.997,13.0,13.0,,,,,,10.397,PASS,
481,5_VEL_PI_leg_cycling,evo_g000059_c7,2026-03-20 13:09:14,,,,,0.003181,19.31919,,,,,,,16.9792,56.1525,24.4169,2.868,4.7948,13.0,8.21,,,,,,216.0823,FAIL,fell over
474,5_VEL_PI_leg_cycling,evo_g000059_c0,2026-03-20 13:09:15,,,,,0.003166,19.677101,,,,,,,14.7151,42.0874,26.4801,4.108,3.6821,13.0,11.684,,,,,,212.5178,FAIL,fell over
475,5_VEL_PI_leg_cycling,evo_g000059_c1,2026-03-20 13:09:15,,,,,0.003201,19.442032,,,,,,,14.722,18.6541,27.5973,4.236,2.9839,13.0,13.0,,,,,,10.4239,PASS,
478,5_VEL_PI_leg_cycling,evo_g000059_c4,2026-03-20 13:09:15,,,,,0.003083,19.503649,,,,,,,14.6364,17.989,24.5845,4.158,2.7875,13.0,13.0,,,,,,9.8261,PASS,
477,5_VEL_PI_leg_cycling,evo_g000059_c3,2026-03-20 13:09:15,,,,,0.003133,20.0,,,,,,,15.0768,23.8399,35.1284,5.892,3.6316,13.0,13.0,,,,,,12.4025,PASS,
479,5_VEL_PI_leg_cycling,evo_g000059_c5,2026-03-20 13:09:15,,,,,0.003251,19.619257,,,,,,,14.1649,18.7582,29.4141,2.6,3.3893,13.0,13.0,,,,,,11.5844,PASS,
476,5_VEL_PI_leg_cycling,evo_g000059_c2,2026-03-20 13:09:15,,,,,0.003196,20.0,,,,,,,14.2256,19.1758,25.0831,2.282,2.6978,13.0,13.0,,,,,,9.516,PASS,
480,5_VEL_PI_leg_cycling,evo_g000059_c6,2026-03-20 13:09:15,,,,,0.003066,20.0,,,,,,,14.4341,19.3789,28.2281,3.912,2.943,13.0,13.0,,,,,,10.2724,PASS,
482,5_VEL_PI_leg_cycling,evo_g000060_c0,2026-03-20 13:09:15,,,,,0.003358,19.71627,,,,,,,13.7928,41.3134,8.5859,1.408,3.7821,13.0,3.716,,,,,,212.7256,FAIL,fell over
485,5_VEL_PI_leg_cycling,evo_g000060_c3,2026-03-20 13:09:16,,,,,0.003155,19.916149,,,,,,,14.2725,19.4725,27.879,4.526,3.0919,13.0,13.0,,,,,,10.703,PASS,
488,5_VEL_PI_leg_cycling,evo_g000060_c6,2026-03-20 13:09:16,,,,,0.003262,20.0,,,,,,,14.4614,18.195,34.4069,4.176,3.7658,13.0,13.0,,,,,,12.7435,PASS,
486,5_VEL_PI_leg_cycling,evo_g000060_c4,2026-03-20 13:09:16,,,,,0.00309,20.0,,,,,,,14.4367,18.4384,39.0128,5.9,4.332,13.0,13.0,,,,,,14.4397,PASS,
483,5_VEL_PI_leg_cycling,evo_g000060_c1,2026-03-20 13:09:16,,,,,0.003201,20.0,,,,,,,13.7911,19.1691,31.9885,3.406,3.5068,13.0,13.0,,,,,,11.8995,PASS,
489,5_VEL_PI_leg_cycling,evo_g000060_c7,2026-03-20 13:09:16,,,,,0.003194,20.0,,,,,,,13.2655,17.8283,29.5873,3.778,2.9369,13.0,13.0,,,,,,10.1373,PASS,
484,5_VEL_PI_leg_cycling,evo_g000060_c2,2026-03-20 13:09:16,,,,,0.003299,20.0,,,,,,,14.3608,17.7287,25.8142,2.496,2.8573,13.0,13.0,,,,,,10.008,PASS,
487,5_VEL_PI_leg_cycling,evo_g000060_c5,2026-03-20 13:09:16,,,,,0.003177,20.0,,,,,,,13.7837,21.8171,30.3823,2.248,3.3877,13.0,13.0,,,,,,11.5415,PASS,
492,5_VEL_PI_leg_cycling,evo_g000061_c2,2026-03-20 13:09:16,,,,,0.003236,20.0,,,,,,,14.4347,31.2491,15.7904,2.208,5.4411,13.0,4.52,,,,,,217.7668,FAIL,fell over
493,5_VEL_PI_leg_cycling,evo_g000061_c3,2026-03-20 13:09:16,,,,,0.00311,20.0,,,,,,,16.7876,34.1643,18.254,2.166,6.2637,13.0,4.686,,,,,,220.4699,FAIL,fell over
497,5_VEL_PI_leg_cycling,evo_g000061_c7,2026-03-20 13:09:16,,,,,0.003225,20.0,,,,,,,14.6856,36.7192,18.7046,3.29,4.4526,13.0,6.106,,,,,,214.8264,FAIL,fell over
491,5_VEL_PI_leg_cycling,evo_g000061_c1,2026-03-20 13:09:16,,,,,0.003148,19.180761,,,,,,,14.5888,37.1329,24.8498,3.888,4.4919,13.0,7.964,,,,,,214.9346,FAIL,fell over
494,5_VEL_PI_leg_cycling,evo_g000061_c4,2026-03-20 13:09:16,,,,,0.003262,19.81827,,,,,,,14.7537,52.3865,15.8285,3.916,2.8525,13.0,7.878,,,,,,210.0329,FAIL,fell over
490,5_VEL_PI_leg_cycling,evo_g000061_c0,2026-03-20 13:09:16,,,,,0.003189,19.970102,,,,,,,15.722,38.2511,35.2231,3.256,3.4809,13.0,13.0,,,,,,12.0149,PASS,
496,5_VEL_PI_leg_cycling,evo_g000061_c6,2026-03-20 13:09:16,,,,,0.003281,19.938059,,,,,,,14.1277,17.6641,25.6735,2.42,2.8216,13.0,13.0,,,,,,9.8776,PASS,
495,5_VEL_PI_leg_cycling,evo_g000061_c5,2026-03-20 13:09:16,,,,,0.003189,19.747322,,,,,,,14.1957,18.2175,28.1909,3.624,3.1886,13.0,13.0,,,,,,10.9854,PASS,
499,5_VEL_PI_leg_cycling,evo_g000062_c1,2026-03-20 13:09:17,,,,,0.003174,20.0,,,,,,,15.7004,55.0082,9.8574,1.666,4.0111,13.0,4.104,,,,,,213.6033,FAIL,fell over
500,5_VEL_PI_leg_cycling,evo_g000062_c2,2026-03-20 13:09:17,,,,,0.003134,20.0,,,,,,,18.0327,53.2707,17.4048,2.1,6.8002,13.0,4.452,,,,,,222.2039,FAIL,fell over
498,5_VEL_PI_leg_cycling,evo_g000062_c0,2026-03-20 13:09:17,,,,,0.003166,20.0,,,,,,,16.2378,33.6273,13.0308,1.8,5.5701,13.0,4.276,,,,,,218.3341,FAIL,fell over
505,5_VEL_PI_leg_cycling,evo_g000062_c7,2026-03-20 13:09:17,,,,,0.003279,19.929955,,,,,,,13.3552,17.5301,30.6642,3.172,3.0979,13.0,13.0,,,,,,10.6292,PASS,
503,5_VEL_PI_leg_cycling,evo_g000062_c5,2026-03-20 13:09:17,,,,,0.003338,19.733841,,,,,,,14.2373,17.7202,27.4094,2.49,2.9089,13.0,13.0,,,,,,10.1504,PASS,
501,5_VEL_PI_leg_cycling,evo_g000062_c3,2026-03-20 13:09:17,,,,,0.003216,20.0,,,,,,,14.0571,20.3215,39.0424,6.24,4.2482,13.0,13.0,,,,,,14.1503,PASS,
502,5_VEL_PI_leg_cycling,evo_g000062_c4,2026-03-20 13:09:17,,,,,0.003257,19.762424,,,,,,,13.6694,17.6506,32.8076,4.07,3.9728,13.0,13.0,,,,,,13.2853,PASS,
504,5_VEL_PI_leg_cycling,evo_g000062_c6,2026-03-20 13:09:17,,,,,0.003231,19.79017,,,,,,,13.2684,17.5926,28.785,5.196,3.0496,13.0,13.0,,,,,,10.4756,PASS,
508,5_VEL_PI_leg_cycling,evo_g000063_c2,2026-03-20 13:09:18,,,,,0.003194,19.594885,,,,,,,13.8282,36.4811,11.8722,1.846,4.6819,13.0,3.992,,,,,,215.4285,FAIL,fell over
511,5_VEL_PI_leg_cycling,evo_g000063_c5,2026-03-20 13:09:18,,,,,0.003377,20.0,,,,,,,17.6265,42.3677,14.4916,2.0,6.3736,13.0,4.358,,,,,,220.8835,FAIL,fell over
507,5_VEL_PI_leg_cycling,evo_g000063_c1,2026-03-20 13:09:18,,,,,0.003251,20.0,,,,,,,13.4976,18.2763,34.1918,4.874,3.8138,13.0,13.0,,,,,,12.7912,PASS,
506,5_VEL_PI_leg_cycling,evo_g000063_c0,2026-03-20 13:09:18,,,,,0.003234,19.618338,,,,,,,14.5286,17.7718,31.6314,3.178,3.2654,13.0,13.0,,,,,,11.2491,PASS,
512,5_VEL_PI_leg_cycling,evo_g000063_c6,2026-03-20 13:09:18,,,,,0.003232,20.0,,,,,,,14.8787,17.6367,31.4608,3.686,3.3449,13.0,13.0,,,,,,11.5226,PASS,
510,5_VEL_PI_leg_cycling,evo_g000063_c4,2026-03-20 13:09:18,,,,,0.003324,20.0,,,,,,,14.0017,19.4131,32.586,6.994,3.4259,13.0,13.0,,,,,,11.6779,PASS,
509,5_VEL_PI_leg_cycling,evo_g000063_c3,2026-03-20 13:09:18,,,,,0.003049,19.979054,,,,,,,13.9621,17.6387,30.55,4.14,3.5276,13.0,13.0,,,,,,11.979,PASS,
513,5_VEL_PI_leg_cycling,evo_g000063_c7,2026-03-20 13:09:18,,,,,0.003177,19.337926,,,,,,,15.262,26.9324,32.5377,4.356,3.4674,13.0,13.0,,,,,,11.9284,PASS,
