hip_deg,BODY-1/SIDE PANEL-1/InsideFemurShaft-1 x FEMUR_INSIDE-1/Bearing 6804-2RS (20x32x7)-1,BODY-1/SIDE PANEL-1/Side panel-1 x COUPLER-1/Bearing 6804-2RS (20x32x7)-1,BODY-1/SIDE PANEL-1/SwicthMount-1/LimitSwitch-2 x FEMUR_INSIDE-1/Femur_inside-1,COUPLER-1/Coupler-1 x FEMUR_INSIDE-1/Femur_inside-1,COUPLER-1/Coupler-1 x Tibia-1/Bearing 6804-2RS (20x32x7)-1,COUPLER-1/Coupler-1 x Tibia-1/Bearing 6804-2RS (20x32x7)-4,FEMUR_INSIDE-1/Femur_inside-1 x Femur-1/M3 Roundhead-3,FEMUR_INSIDE-1/Femur_inside-1 x Femur-1/M3 Roundhead-4,FEMUR_INSIDE-1/M3 Roundhead-7 x Femur-1/Femur-1,FEMUR_INSIDE-1/M3 Roundhead-8 x Femur-1/Femur-1,Femur-1/Femur-1 x Tibia-1/Bearing 6804-2RS (20x32x7)-2,Femur-1/Femur-1 x Tibia-1/Bearing 6804-2RS (20x32x7)-3,MirrorBODY-2/MirrorSIDE PANEL-1/AK45-10 Stator-1 x MirrorFemur-4/AK45-10 Rotor-1,MirrorBODY-2/MirrorSIDE PANEL-1/InsideFemurShaft-1 x MirrorFEMUR_INSIDE-2/Bearing 6804-2RS (20x32x7)-1,MirrorBODY-2/MirrorSIDE PANEL-1/MirrorSide panel-1 x MirrorCOUPLER-2/Bearing 6804-2RS (20x32x7)-1,MirrorBODY-2/MirrorSIDE PANEL-1/MirrorSwicthMount-1/LimitSwitch-1 x MirrorFEMUR_INSIDE-2/MirrorFemur_inside-1,MirrorCOUPLER-2/MirrorCoupler-1 x MirrorFEMUR_INSIDE-2/MirrorFemur_inside-1,MirrorCOUPLER-2/MirrorCoupler-1 x MirrorTibia-2/Bearing 6804-2RS (20x32x7)-1,MirrorCOUPLER-2/MirrorCoupler-1 x MirrorTibia-2/Bearing 6804-2RS (20x32x7)-4,MirrorFEMUR_INSIDE-2/M3 Roundhead-7 x MirrorFemur-4/Femur-1,MirrorFEMUR_INSIDE-2/M3 Roundhead-8 x MirrorFemur-4/Femur-1,MirrorFEMUR_INSIDE-2/MirrorFemur_inside-1 x MirrorFemur-4/M3 Roundhead-3,MirrorFEMUR_INSIDE-2/MirrorFemur_inside-1 x MirrorFemur-4/M3 Roundhead-4,MirrorFemur-4/Femur-1 x MirrorTibia-2/Bearing 6804-2RS (20x32x7)-2,MirrorFemur-4/Femur-1 x MirrorTibia-2/Bearing 6804-2RS (20x32x7)-3
-28.000,8.9104,8.9104,4.7023,0.2257,8.9104,8.9104,2.9006,2.9006,3.5516,3.5516,8.9104,8.9104,147.6207,8.9104,8.9104,4.7023,0.2256,8.9104,8.9104,3.5516,3.5516,2.9006,2.9006,8.9104,8.9104
-27.000,8.9104,8.9104,2.9313,0.0010,8.9104,8.9104,2.9006,2.9006,3.5517,3.5517,8.9104,8.9104,147.6052,8.9104,8.9104,2.9313,0.0010,8.9104,8.9104,3.5516,3.5516,2.9006,2.9006,8.9104,8.9104
-26.000,8.9104,8.9104,0.9776,0.0000,8.9104,8.9104,2.9006,2.9006,3.5518,3.5518,8.9104,8.9104,147.5833,8.9104,8.9104,0.9776,0.0000,8.9104,8.9104,3.5516,3.5516,2.9006,2.9006,8.9104,8.9104
-25.000,8.9104,8.9104,0.0000,0.0000,8.9104,8.9104,2.9006,2.9006,3.5518,3.5518,8.9104,8.9104,147.5553,8.9104,8.9104,0.0000,0.0000,8.9104,8.9104,3.5517,3.5517,2.9006,2.9006,8.9104,8.9104
-24.000,8.9104,8.9104,0.0000,0.0000,8.9104,8.9104,2.9006,2.9006,3.5518,3.5518,8.9104,8.9104,147.5211,8.9104,8.9104,0.0000,0.0000,8.9104,8.9104,3.5518,3.5518,2.9006,2.9006,8.9104,8.9104
-23.000,8.9104,8.9104,0.0000,0.0000,8.9104,8.9104,2.9006,2.9006,3.5519,3.5519,8.9104,8.9104,147.4807,8.9104,8.9104,0.0000,0.0000,8.9104,8.9104,3.5519,3.5519,2.9006,2.9006,8.9104,8.9104
-22.000,8.9104,8.9104,0.0000,0.0000,8.9104,8.9104,2.9006,2.9006,3.5519,3.5519,8.9104,8.9104,147.4342,8.9104,8.9104,0.0000,0.0000,8.9104,8.9104,3.5519,3.5519,2.9006,2.9006,8.9104,8.9104
-21.000,8.9104,8.9104,0.0000,0.0000,8.9104,8.9104,2.9006,2.9006,3.5518,3.5518,8.9104,8.9104,147.3814,8.9104,8.9104,0.0000,0.0000,8.9104,8.9104,3.5518,3.5518,2.9006,2.9006,8.9104,8.9104
-20.000,8.9104,8.9104,0.0000,0.0000,8.9104,8.9104,2.9006,2.9006,3.5517,3.5517,8.9104,8.9104,147.3218,8.9104,8.9104,0.0000,0.0000,8.9104,8.9104,3.5518,3.5518,2.9006,2.9006,8.9104,8.9104
-19.000,8.9104,8.9104,0.0000,0.0000,8.9104,8.9104,2.9006,2.9006,3.5516,3.5516,8.9104,8.9104,147.2569,8.9104,8.9104,0.0000,0.0000,8.9104,8.9104,3.5518,3.5518,2.9006,2.9006,8.9104,8.9104
-18.000,8.9104,8.9104,0.0000,0.0000,8.9104,8.9104,2.9006,2.9006,3.5516,3.5516,8.9104,8.9104,147.1866,8.9104,8.9104,0.0000,0.0000,8.9104,8.9104,3.5517,3.5517,2.9006,2.9006,8.9104,8.9104
-17.000,8.9104,8.9104,0.0000,0.0000,8.9104,8.9104,2.9006,2.9006,3.5516,3.5516,8.9104,8.9104,147.1096,8.9104,8.9104,0.0000,0.0000,8.9104,8.9104,3.5516,3.5516,2.9006,2.9006,8.9104,8.9104
-16.000,8.9104,8.9104,0.0000,0.0000,8.9104,8.9104,2.9006,2.9006,3.5516,3.5516,8.9104,8.9104,147.0271,8.9104,8.9104,0.0000,0.0000,8.9104,8.9104,3.5516,3.5516,2.9006,2.9006,8.9104,8.9104
-15.000,8.9104,8.9104,0.0000,0.0000,8.9104,8.9104,2.9006,2.9006,3.5516,3.5516,8.9104,8.9104,146.9452,8.9104,8.9104,0.0000,0.0000,8.9104,8.9104,3.5516,3.5516,2.9006,2.9006,8.9104,8.9104
-14.000,8.9104,8.9104,0.0000,0.0000,8.9104,8.9104,2.9006,2.9006,3.5516,3.5516,8.9104,8.9104,146.8653,8.9104,8.9104,0.0000,0.0000,8.9104,8.9104,3.5516,3.5516,2.9006,2.9006,8.9104,8.9104
-13.000,8.9104,8.9104,0.0000,0.0000,8.9104,8.9104,2.9006,2.9006,3.5516,3.5516,8.9104,8.9104,146.7875,8.9104,8.9104,0.0000,0.0000,8.9104,8.9104,3.5516,3.5516,2.9006,2.9006,8.9104,8.9104
-12.000,8.9104,8.9104,0.0000,0.0000,8.9104,8.9104,2.9006,2.9006,3.5516,3.5516,8.9104,8.9104,146.7119,8.9104,8.9104,0.0000,0.0000,8.9104,8.9104,3.5516,3.5516,2.9006,2.9006,8.9104,8.9104
-11.000,8.9104,8.9104,0.0000,0.0000,8.9104,8.9104,2.9006,2.9006,3.5516,3.5516,8.9104,8.9104,146.6384,8.9104,8.9104,0.0000,0.0000,8.9104,8.9104,3.5516,3.5516,2.9006,2.9006,8.9104,8.9104
-10.000,8.9104,8.9104,0.0000,0.0000,8.9104,8.9104,2.9006,2.9006,3.5516,3.5516,8.9104,8.9104,146.5672,8.9104,8.9104,0.0000,0.0000,8.9104,8.9104,3.5516,3.5516,2.9006,2.9006,8.9104,8.9104
-9.000,8.9104,8.9104,0.0000,0.0000,8.9104,8.9104,2.9006,2.9006,3.5516,3.5516,8.9104,8.9104,146.4983,8.9104,8.9104,0.0000,0.0000,8.9104,8.9104,3.5516,3.5516,2.9006,2.9006,8.9104,8.9104
-8.000,8.9104,8.9104,0.0000,0.0000,8.9104,8.9104,2.9006,2.9006,3.5516,3.5516,8.9104,8.9104,146.4317,8.9104,8.9104,0.0000,0.0000,8.9104,8.9104,3.5516,3.5516,2.9006,2.9006,8.9104,8.9104
-7.000,8.9104,8.9104,0.0000,0.0000,8.9104,8.9104,2.9006,2.9006,3.5516,3.5516,8.9104,8.9104,146.3675,8.9104,8.9104,0.0000,0.0000,8.9104,8.9104,3.5516,3.5516,2.9006,2.9006,8.9104,8.9104
-6.000,8.9104,8.9104,0.0000,0.0000,8.9104,8.9104,2.9006,2.9006,3.5516,3.5516,8.9104,8.9104,146.3058,8.9104,8.9104,0.0000,0.0000,8.9104,8.9104,3.5516,3.5516,2.9006,2.9006,8.9104,8.9104
-5.000,8.9104,8.9104,0.0000,0.0000,8.9104,8.9104,2.9006,2.9006,3.5516,3.5516,8.9104,8.9104,146.2465,8.9104,8.9104,0.0000,0.0000,8.9104,8.9104,3.5516,3.5516,2.9007,2.9007,8.9104,8.9104
-4.000,8.9104,8.9104,0.0000,0.0000,8.9104,8.9104,2.9006,2.9006,3.5516,3.5516,8.9104,8.9104,146.1898,8.9104,8.9104,0.0000,0.0000,8.9104,8.9104,3.5516,3.5516,2.9007,2.9007,8.9104,8.9104
-3.000,8.9104,8.9104,0.0000,0.0000,8.9104,8.9104,2.9006,2.9006,3.5516,3.5516,8.9104,8.9104,146.1357,8.9104,8.9104,0.0000,0.0000,8.9104,8.9104,3.5516,3.5516,2.9008,2.9008,8.9104,8.9104
-2.000,8.9104,8.9104,0.0000,0.0000,8.9104,8.9104,2.9008,2.9008,3.5516,3.5516,8.9104,8.9104,146.0841,8.9104,8.9104,0.0000,0.0000,8.9104,8.9104,3.5516,3.5516,2.9008,2.9008,8.9104,8.9104
-1.000,8.9104,8.9104,0.0000,0.0000,8.9104,8.9104,2.9008,2.9008,3.5516,3.5516,8.9104,8.9104,146.0352,8.9104,8.9104,0.0000,0.0000,8.9104,8.9104,3.5516,3.5516,2.9008,2.9008,8.9104,8.9104
0.000,8.9104,8.9104,0.0000,0.0000,8.9104,8.9104,2.9009,2.9009,3.5516,3.5516,8.9104,8.9104,145.9891,8.9104,8.9104,0.0000,0.0000,8.9104,8.9104,3.5516,3.5516,2.9009,2.9009,8.9104,8.9104
1.000,8.9104,8.9104,0.0000,0.0000,8.9104,8.9104,2.9008,2.9008,3.5516,3.5516,8.9104,8.9104,145.9457,8.9104,8.9104,0.0000,0.0000,8.9104,8.9104,3.5516,3.5516,2.9008,2.9008,8.9104,8.9104
2.000,8.9104,8.9104,0.0000,0.0000,8.9104,8.9104,2.9008,2.9008,3.5516,3.5516,8.9104,8.9104,145.9051,8.9104,8.9104,0.0000,0.0000,8.9104,8.9104,3.5516,3.5516,2.9008,2.9008,8.9104,8.9104
3.000,8.9104,8.9104,0.0000,0.0000,8.9104,8.9104,2.9008,2.9008,3.5516,3.5516,8.9104,8.9104,145.8673,8.9104,8.9104,0.0000,0.0000,8.9104,8.9104,3.5516,3.5516,2.9006,2.9006,8.9104,8.9104
4.000,8.9104,8.9104,0.0000,0.0000,8.9104,8.9104,2.9007,2.9007,3.5516,3.5516,8.9104,8.9104,145.8324,8.9104,8.9104,0.0000,0.0000,8.9104,8.9104,3.5516,3.5516,2.9006,2.9006,8.9104,8.9104
5.000,8.9104,8.9104,0.0000,0.0000,8.9104,8.9104,2.9007,2.9007,3.5516,3.5516,8.9104,8.9104,145.8005,8.9104,8.9104,0.0000,0.0000,8.9104,8.9104,3.5516,3.5516,2.9006,2.9006,8.9104,8.9104
6.000,8.9104,8.9104,0.0000,0.0000,8.9104,8.9104,2.9006,2.9006,3.5517,3.5517,8.9104,8.9104,145.7715,8.9104,8.9104,0.0000,0.0000,8.9104,8.9104,3.5516,3.5516,2.9006,2.9006,8.9104,8.9104
7.000,8.9104,8.9104,0.0000,0.0000,8.9104,8.9104,2.9006,2.9006,3.5517,3.5517,8.9104,8.9104,145.7455,8.9104,8.9104,0.0000,0.0000,8.9104,8.9104,3.5516,3.5516,2.9006,2.9006,8.9104,8.9104
8.000,8.9104,8.9104,0.0000,0.0000,8.9104,8.9104,2.9006,2.9006,3.5517,3.5517,8.9104,8.9104,145.7225,8.9104,8.9104,0.0000,0.0000,8.9104,8.9104,3.5516,3.5516,2.9006,2.9006,8.9104,8.9104
9.000,8.9104,8.9104,0.0000,0.0000,8.9104,8.9104,2.9006,2.9006,3.5517,3.5517,8.9104,8.9104,145.7025,8.9104,8.9104,0.0000,0.0000,8.9104,8.9104,3.5516,3.5516,2.9006,2.9006,8.9104,8.9104
10.000,8.9104,8.9104,0.0000,0.0000,8.9104,8.9104,2.9006,2.9006,3.5516,3.5516,8.9104,8.9104,145.6857,8.9104,8.9104,0.0000,0.0000,8.9104,8.9104,3.5516,3.5516,2.9006,2.9006,8.9104,8.9104
11.000,8.9104,8.9104,0.0000,0.0000,8.9104,8.9104,2.9006,2.9006,3.5516,3.5516,8.9104,8.9104,145.6721,8.9104,8.9104,0.0000,0.0000,8.9104,8.9104,3.5516,3.5516,2.9006,2.9006,8.9104,8.9104
12.000,8.9104,8.9104,0.0000,0.0000,8.9104,8.9104,2.9006,2.9006,3.5516,3.5516,8.9104,8.9104,145.6614,8.9104,8.9104,0.0000,0.0000,8.9104,8.9104,3.5516,3.5516,2.9006,2.9006,8.9104,8.9104
13.000,8.9104,8.9104,0.0000,0.0000,8.9104,8.9104,2.9006,2.9006,3.5516,3.5516,8.9104,8.9104,145.6541,8.9104,8.9104,0.0000,0.0000,8.9104,8.9104,3.5516,3.5516,2.9006,2.9006,8.9104,8.9104
14.000,8.9104,8.9104,0.0000,0.0000,8.9104,8.9104,2.9006,2.9006,3.5516,3.5516,8.9104,8.9104,145.6499,8.9104,8.9104,0.0000,0.0000,8.9104,8.9104,3.5516,3.5516,2.9006,2.9006,8.9104,8.9104
15.000,8.9104,8.9104,0.0000,0.0000,8.9104,8.9104,2.9006,2.9006,3.5516,3.5516,8.9104,8.9104,145.6489,8.9104,8.9104,0.0000,0.0000,8.9104,8.9104,3.5516,3.5516,2.9006,2.9006,8.9104,8.9104
16.000,8.9104,8.9104,0.0000,0.0000,8.9104,8.9104,2.9006,2.9006,3.5516,3.5516,8.9104,8.9104,145.6513,8.9104,8.9104,0.0000,0.0000,8.9104,8.9104,3.5516,3.5516,2.9006,2.9006,8.9104,8.9104
17.000,8.9104,8.9104,0.0000,0.0000,8.9104,8.9104,2.9006,2.9006,3.5516,3.5516,8.9104,8.9104,145.6568,8.9104,8.9104,0.0000,0.0000,8.9104,8.9104,3.5516,3.5516,2.9006,2.9006,8.9104,8.9104
18.000,8.9104,8.9104,0.0000,0.0000,8.9104,8.9104,2.9006,2.9006,3.5516,3.5516,8.9104,8.9104,145.6647,8.9104,8.9104,0.0000,0.0000,8.9104,8.9104,3.5516,3.5516,2.9006,2.9006,8.9104,8.9104
19.000,8.9104,8.9104,0.0000,0.0000,8.9104,8.9104,2.9006,2.9006,3.5516,3.5516,8.9104,8.9104,145.6759,8.9104,8.9104,0.0000,0.0000,8.9104,8.9104,3.5516,3.5516,2.9006,2.9006,8.9104,8.9104
20.000,8.9104,8.9104,0.0000,0.0000,8.9104,8.9104,2.9006,2.9006,3.5516,3.5516,8.9104,8.9104,145.6914,8.9104,8.9104,0.0000,0.0000,8.9104,8.9104,3.5516,3.5516,2.9006,2.9006,8.9104,8.9104
21.000,8.9104,8.9104,0.0000,0.0000,8.9104,8.9104,2.9006,2.9006,3.5516,3.5516,8.9104,8.9104,145.7103,8.9104,8.9104,0.0000,0.0000,8.9104,8.9104,3.5516,3.5516,2.9006,2.9006,8.9104,8.9104
22.000,8.9104,8.9104,0.0000,0.0000,8.9104,8.9104,2.9006,2.9006,3.5516,3.5516,8.9104,8.9104,145.7342,8.9104,8.9104,0.0000,0.0000,8.9104,8.9104,3.5516,3.5516,2.9006,2.9006,8.9104,8.9104
23.000,8.9104,8.9104,0.0000,0.0000,8.9104,8.9104,2.9006,2.9006,3.5516,3.5516,8.9104,8.9104,145.7591,8.9104,8.9104,0.0000,0.0000,8.9104,8.9104,3.5516,3.5516,2.9006,2.9006,8.9104,8.9104
24.000,8.9104,8.9104,0.0000,0.0000,8.9104,8.9104,2.9006,2.9006,3.5516,3.5516,8.9104,8.9104,145.7834,8.9104,8.9104,0.0000,0.0000,8.9104,8.9104,3.5516,3.5516,2.9006,2.9006,8.9104,8.9104
25.000,8.9104,8.9104,0.0000,0.0000,8.9104,8.9104,2.9006,2.9006,3.5516,3.5516,8.9104,8.9104,145.8054,8.9104,8.9104,0.0000,0.0000,8.9104,8.9104,3.5516,3.5516,2.9006,2.9006,8.9104,8.9104
26.000,8.9104,8.9104,0.0000,0.0000,8.9104,8.9104,2.9006,2.9006,3.5516,3.5516,8.9104,8.9104,145.8223,8.9104,8.9104,0.0000,0.0000,8.9104,8.9104,3.5516,3.5516,2.9006,2.9006,8.9104,8.9104
27.000,8.9104,8.9104,0.0000,0.0000,8.9104,8.9104,2.9006,2.9006,3.5516,3.5516,8.9104,8.9104,145.8355,8.9104,8.9104,0.0000,0.0000,8.9104,8.9104,3.5516,3.5516,2.9006,2.9006,8.9104,8.9104
28.000,8.9104,8.9104,0.0000,0.0000,8.9104,8.9104,2.9006,2.9006,3.5516,3.5516,8.9104,8.9104,145.8451,8.9104,8.9104,0.0000,0.0000,8.9104,8.9104,3.5516,3.5516,2.9006,2.9006,8.9104,8.9104
29.000,8.9104,8.9104,0.0000,0.0000,8.9104,8.9104,2.9006,2.9006,3.5516,3.5516,8.9104,8.9104,145.8508,8.9104,8.9104,0.0000,0.0000,8.9104,8.9104,3.5516,3.5516,2.9007,2.9007,8.9104,8.9104
30.000,8.9104,8.9104,0.0000,0.0000,8.9104,8.9104,2.9006,2.9006,3.5516,3.5516,8.9104,8.9104,145.8528,8.9104,8.9104,0.0000,0.0000,8.9104,8.9104,3.5516,3.5516,2.9007,2.9007,8.9104,8.9104
31.000,8.9104,8.9104,0.0000,0.0000,8.9104,8.9104,2.9006,2.9006,3.5516,3.5516,8.9104,8.9104,145.8506,8.9104,8.9104,0.0000,0.0000,8.9104,8.9104,3.5516,3.5516,2.9007,2.9007,8.9104,8.9104
32.000,8.9104,8.9104,0.0000,0.0000,8.9104,8.9104,2.9006,2.9006,3.5516,3.5516,8.9104,8.9104,145.8438,8.9104,8.9104,0.0000,0.0000,8.9104,8.9104,3.5516,3.5516,2.9007,2.9007,8.9104,8.9104
33.000,8.9104,8.9104,0.0000,0.0000,8.9104,8.9104,2.9006,2.9006,3.5516,3.5516,8.9104,8.9104,145.8357,8.9104,8.9104,0.0000,0.0000,8.9104,8.9104,3.5516,3.5516,2.9006,2.9006,8.9104,8.9104
34.000,8.9104,8.9104,0.0000,0.0000,8.9104,8.9104,2.9006,2.9006,3.5516,3.5516,8.9104,8.9104,145.8205,8.9104,8.9104,0.0000,0.0000,8.9104,8.9104,3.5516,3.5516,2.9006,2.9006,8.9104,8.9104
35.000,8.9104,8.9104,0.0000,0.0000,8.9104,8.9104,2.9006,2.9006,3.5516,3.5516,8.9104,8.9104,145.8037,8.9104,8.9104,0.0000,0.0000,8.9104,8.9104,3.5516,3.5516,2.9006,2.9006,8.9104,8.9104
36.000,8.9104,8.9104,0.0000,0.0000,8.9104,8.9104,2.9006,2.9006,3.5516,3.5516,8.9104,8.9104,145.7829,8.9104,8.9104,0.0000,0.0000,8.9104,8.9104,3.5517,3.5517,2.9006,2.9006,8.9104,8.9104
37.000,8.9104,8.9104,0.0000,0.0000,8.9104,8.9104,2.9006,2.9006,3.5516,3.5516,8.9104,8.9104,145.7607,8.9104,8.9104,0.0000,0.0000,8.9104,8.9104,3.5517,3.5517,2.9006,2.9006,8.9104,8.9104
38.000,8.9104,8.9104,0.0000,0.0000,8.9104,8.9104,2.9006,2.9006,3.5516,3.5516,8.9104,8.9104,145.7350,8.9104,8.9104,0.0000,0.0000,8.9104,8.9104,3.5517,3.5517,2.9006,2.9006,8.9104,8.9104
39.000,8.9104,8.9104,0.0000,0.0000,8.9104,8.9104,2.9006,2.9006,3.5516,3.5516,8.9104,8.9104,145.7127,8.9104,8.9104,0.0000,0.0000,8.9104,8.9104,3.5517,3.5517,2.9006,2.9006,8.9104,8.9104
40.000,8.9104,8.9104,0.0000,0.0000,8.9104,8.9104,2.9006,2.9006,3.5516,3.5516,8.9104,8.9104,145.6940,8.9104,8.9104,0.0000,0.0000,8.9104,8.9104,3.5516,3.5516,2.9006,2.9006,8.9104,8.9104
41.000,8.9104,8.9104,0.0000,0.0000,8.9104,8.9104,2.9006,2.9006,3.5516,3.5516,8.9104,8.9104,145.6783,8.9104,8.9104,0.0000,0.0000,8.9104,8.9104,3.5516,3.5516,2.9006,2.9006,8.9104,8.9104
42.000,8.9104,8.9104,0.0000,0.0000,8.9104,8.9104,2.9006,2.9006,3.5516,3.5516,8.9104,8.9104,145.6661,8.9104,8.9104,0.0000,0.0000,8.9104,8.9104,3.5516,3.5516,2.9006,2.9006,8.9104,8.9104
43.000,8.9104,8.9104,0.0000,0.0000,8.9104,8.9104,2.9006,2.9006,3.5516,3.5516,8.9104,8.9104,145.6572,8.9104,8.9104,0.0000,0.0000,8.9104,8.9104,3.5516,3.5516,2.9006,2.9006,8.9104,8.9104
44.000,8.9104,8.9104,0.0000,0.0000,8.9104,8.9104,2.9006,2.9006,3.5516,3.5516,8.9104,8.9104,145.6515,8.9104,8.9104,0.0000,0.0000,8.9104,8.9104,3.5516,3.5516,2.9006,2.9006,8.9104,8.9104
45.000,8.9104,8.9104,0.0000,0.0000,8.9104,8.9104,2.9006,2.9006,3.5516,3.5516,8.9104,8.9104,145.6492,8.9104,8.9104,0.0000,0.0000,8.9104,8.9104,3.5516,3.5516,2.9006,2.9006,8.9104,8.9104
46.000,8.9104,8.9104,0.0000,0.0000,8.9104,8.9104,2.9006,2.9006,3.5516,3.5516,8.9104,8.9104,145.6499,8.9104,8.9104,0.0000,0.0000,8.9104,8.9104,3.5516,3.5516,2.9006,2.9006,8.9104,8.9104
47.000,8.9104,8.9104,0.0000,0.0000,8.9104,8.9104,2.9006,2.9006,3.5516,3.5516,8.9104,8.9104,145.6533,8.9104,8.9104,0.0000,0.0000,8.9104,8.9104,3.5516,3.5516,2.9006,2.9006,8.9104,8.9104
48.000,8.9104,8.9104,0.0000,0.0000,8.9104,8.9104,2.9006,2.9006,3.5516,3.5516,8.9104,8.9104,145.6613,8.9104,8.9104,0.0000,0.0000,8.9104,8.9104,3.5516,3.5516,2.9006,2.9006,8.9104,8.9104
49.000,8.9104,8.9104,0.0000,0.0000,8.9104,8.9104,2.9006,2.9006,3.5516,3.5516,8.9104,8.9104,145.6720,8.9104,8.9104,0.0000,0.0000,8.9104,8.9104,3.5516,3.5516,2.9006,2.9006,8.9104,8.9104
50.000,8.9104,8.9104,0.0000,0.0000,8.9104,8.9104,2.9006,2.9006,3.5516,3.5516,8.9104,8.9104,145.6855,8.9104,8.9104,0.0000,0.0000,8.9104,8.9104,3.5516,3.5516,2.9006,2.9006,8.9104,8.9104
51.000,8.9104,8.9104,0.0000,0.0000,8.9104,8.9104,2.9006,2.9006,3.5516,3.5516,8.9104,8.9104,145.7023,8.9104,8.9104,0.0000,0.0000,8.9104,8.9104,3.5516,3.5516,2.9006,2.9006,8.9104,8.9104
52.000,8.9104,8.9104,0.0000,0.0000,8.9104,8.9104,2.9006,2.9006,3.5516,3.5516,8.9104,8.9104,145.7221,8.9104,8.9104,0.0000,0.0000,8.9104,8.9104,3.5516,3.5516,2.9006,2.9006,8.9104,8.9104
53.000,8.9104,8.9104,0.0000,0.0000,8.9104,8.9104,2.9006,2.9006,3.5516,3.5516,8.9104,8.9104,145.7451,8.9104,8.9104,0.0000,0.0000,8.9104,8.9104,3.5516,3.5516,2.9006,2.9006,8.9104,8.9104
54.000,8.9104,8.9104,0.0000,0.0000,8.9104,8.9104,2.9006,2.9006,3.5516,3.5516,8.9104,8.9104,145.7710,8.9104,8.9104,0.0000,0.0000,8.9104,8.9104,3.5516,3.5516,2.9006,2.9006,8.9104,8.9104
55.000,8.9104,8.9104,0.0000,0.0000,8.9104,8.9104,2.9006,2.9006,3.5516,3.5516,8.9104,8.9104,145.8000,8.9104,8.9104,0.0000,0.0000,8.9104,8.9104,3.5516,3.5516,2.9006,2.9006,8.9104,8.9104
56.000,8.9104,8.9104,0.0000,0.0000,8.9104,8.9104,2.9006,2.9006,3.5516,3.5516,8.9104,8.9104,145.8319,8.9104,8.9104,0.0000,0.0000,8.9104,8.9104,3.5516,3.5516,2.9006,2.9006,8.9104,8.9104
57.000,8.9104,8.9104,0.0000,0.0000,8.9104,8.9104,2.9006,2.9006,3.5516,3.5516,8.9104,8.9104,145.8667,8.9104,8.9104,0.0000,0.0000,8.9104,8.9104,3.5516,3.5516,2.9006,2.9006,8.9104,8.9104
