hip_deg,BODY-1/SIDE PANEL-1/InsideFemurShaft-1 x FEMUR_INSIDE-1/Bearing 6804-2RS (20x32x7)-1,BODY-1/SIDE PANEL-1/M3 Roundhead-11 x Box-1/CornerBracket-28/M3 nut-2,BODY-1/SIDE PANEL-1/M3 Roundhead-12 x Box-1/BottomPanelWithAvionics-1/CornerBracket-2/M3 nut-2,BODY-1/SIDE PANEL-1/M3 Roundhead-13 x Box-1/CornerBracket-4/M3 nut-1,BODY-1/SIDE PANEL-1/M3 Roundhead-14 x Box-1/CornerBracket-3/M3 nut-1,BODY-1/SIDE PANEL-1/M3 Roundhead-15 x Box-1/CornerBracket-14/M3 nut-2,BODY-1/SIDE PANEL-1/RobotMount-1 x Box-1/BottomPanelWithAvionics-1/Odrive-1,BODY-1/SIDE PANEL-1/Side panel-1 x Box-1/BottomPanelWithAvionics-1/Odrive-1,BODY-1/SIDE PANEL-1/Side panel-1 x COUPLER-1/Bearing 6804-2RS (20x32x7)-1,BODY-1/SIDE PANEL-1/Side panel-1 x COUPLER-1/Coupler-1,BODY-1/SIDE PANEL-1/SwicthMount-1/LimitSwitch-2 x FEMUR_INSIDE-1/Femur_inside-1,Box-1/BottomPanelWithAvionics-1/Battery-1 x MirrorBODY-2/MirrorSIDE PANEL-1/MirrorRobotMount-1,Box-1/BottomPanelWithAvionics-1/CornerBracket-3/CornerBracket-1 x MirrorBODY-2/MirrorSIDE PANEL-1/M3 Roundhead-12,Box-1/BottomPanelWithAvionics-1/CornerBracket-3/M3 nut-2 x MirrorBODY-2/MirrorSIDE PANEL-1/M3 Roundhead-12,Box-1/BottomPanelWithAvionics-1/CornerBracket-4/M3x8 flathead-1 x MirrorBODY-2/MirrorSIDE PANEL-1/MirrorRobotMount-1,Box-1/BottomPanelWithAvionics-1/Odrive-1 x FEMUR_INSIDE-1/Femur_inside-1,Box-1/CornerBracket-10/M3x8 flathead-2 x MirrorBODY-2/MirrorSIDE PANEL-1/MirrorRobotMount-1,Box-1/CornerBracket-11/CornerBracket-1 x MirrorBODY-2/MirrorSIDE PANEL-1/M3 Roundhead-14,Box-1/CornerBracket-11/M3 nut-1 x MirrorBODY-2/MirrorSIDE PANEL-1/M3 Roundhead-14,Box-1/CornerBracket-12/CornerBracket-1 x MirrorBODY-2/MirrorSIDE PANEL-1/M3 Roundhead-13,Box-1/CornerBracket-12/M3 nut-1 x MirrorBODY-2/MirrorSIDE PANEL-1/M3 Roundhead-13,Box-1/CornerBracket-17/CornerBracket-1 x MirrorBODY-2/MirrorSIDE PANEL-1/M3 Roundhead-15,Box-1/CornerBracket-17/M3 nut-2 x MirrorBODY-2/MirrorSIDE PANEL-1/M3 Roundhead-15,Box-1/CornerBracket-18/M3x8 flathead-1 x MirrorBODY-2/MirrorSIDE PANEL-1/MirrorRobotMount-1,Box-1/CornerBracket-30/CornerBracket-1 x MirrorBODY-2/MirrorSIDE PANEL-1/M3 Roundhead-11,Box-1/CornerBracket-31/M3x8 flathead-1 x MirrorBODY-2/MirrorSIDE PANEL-1/MirrorRobotMount-1,Box-1/CornerBracket-9/M3x8 flathead-2 x MirrorBODY-2/MirrorSIDE PANEL-1/MirrorRobotMount-1,COUPLER-1/Coupler-1 x FEMUR_INSIDE-1/Femur_inside-1,COUPLER-1/Coupler-1 x Tibia-1/Bearing 6804-2RS (20x32x7)-1,COUPLER-1/Coupler-1 x Tibia-1/Bearing 6804-2RS (20x32x7)-4,FEMUR_INSIDE-1/Femur_inside-1 x Femur-1/M3 Roundhead-3,FEMUR_INSIDE-1/Femur_inside-1 x Femur-1/M3 Roundhead-4,FEMUR_INSIDE-1/M3 Roundhead-7 x Femur-1/Femur-1,FEMUR_INSIDE-1/M3 Roundhead-8 x Femur-1/Femur-1,Femur-1/Femur-1 x Tibia-1/Bearing 6804-2RS (20x32x7)-2,Femur-1/Femur-1 x Tibia-1/Bearing 6804-2RS (20x32x7)-3,MirrorBODY-2/MirrorSIDE PANEL-1/AK45-10 Stator-1 x MirrorFemur-4/AK45-10 Rotor-1,MirrorBODY-2/MirrorSIDE PANEL-1/InsideFemurShaft-1 x MirrorFEMUR_INSIDE-2/Bearing 6804-2RS (20x32x7)-1,MirrorBODY-2/MirrorSIDE PANEL-1/MirrorSide panel-1 x MirrorCOUPLER-2/Bearing 6804-2RS (20x32x7)-1,MirrorBODY-2/MirrorSIDE PANEL-1/MirrorSide panel-1 x MirrorCOUPLER-2/MirrorCoupler-1,MirrorBODY-2/MirrorSIDE PANEL-1/MirrorSwicthMount-1/LimitSwitch-1 x MirrorFEMUR_INSIDE-2/MirrorFemur_inside-1,MirrorCOUPLER-2/MirrorCoupler-1 x MirrorFEMUR_INSIDE-2/MirrorFemur_inside-1,MirrorCOUPLER-2/MirrorCoupler-1 x MirrorTibia-2/Bearing 6804-2RS (20x32x7)-1,MirrorCOUPLER-2/MirrorCoupler-1 x MirrorTibia-2/Bearing 6804-2RS (20x32x7)-4,MirrorFEMUR_INSIDE-2/M3 Roundhead-7 x MirrorFemur-4/Femur-1,MirrorFEMUR_INSIDE-2/M3 Roundhead-8 x MirrorFemur-4/Femur-1,MirrorFEMUR_INSIDE-2/MirrorFemur_inside-1 x MirrorFemur-4/M3 Roundhead-3,MirrorFEMUR_INSIDE-2/MirrorFemur_inside-1 x MirrorFemur-4/M3 Roundhead-4,MirrorFemur-4/Femur-1 x MirrorTibia-2/Bearing 6804-2RS (20x32x7)-2,MirrorFemur-4/Femur-1 x MirrorTibia-2/Bearing 6804-2RS (20x32x7)-3,MirrorFemur-4/Femur-1 x MirrorTibia-2/MirrorTibia-1
-28.000,8.9104,1.5912,0.6295,1.4012,1.4012,0.6746,301.2980,172.8295,8.9104,0.0000,4.7023,198.7434,0.1408,1.9674,0.2439,603.6905,0.2448,0.1610,1.7234,0.1610,1.7234,0.1455,1.4651,0.2439,20.5303,15.0566,0.2448,0.2257,8.9104,8.9104,2.9006,2.9006,3.5516,3.5516,8.9104,8.9104,147.6207,8.9104,8.9104,0.0000,4.7023,0.2256,8.9104,8.9104,6.6219,6.6219,2.9006,2.9006,27.3588,27.3491,205.1443
-25.976,8.9104,1.5912,0.6295,1.4012,1.4012,0.6746,301.2980,172.8295,8.9104,0.0000,0.9281,198.7434,0.1408,1.9674,0.2439,617.0766,0.2448,0.1610,1.7234,0.1610,1.7234,0.1455,1.4651,0.2439,20.5303,15.0566,0.2448,0.0000,8.9104,8.9104,2.9006,2.9006,3.5518,3.5518,8.9104,8.9104,147.5827,8.9104,8.9104,0.0000,0.9281,0.0000,8.9104,8.9104,6.6220,6.6220,2.9006,2.9006,27.3693,27.3553,195.3520
-23.952,8.9104,1.5912,0.6295,1.4012,1.4012,0.6746,301.2980,172.8295,8.9104,0.0000,0.0000,198.7434,0.1408,1.9674,0.2439,606.7704,0.2448,0.1610,1.7234,0.1610,1.7234,0.1455,1.4651,0.2439,20.5303,15.0566,0.2448,0.0000,8.9104,8.9104,2.9006,2.9006,3.5518,3.5518,8.9104,8.9104,147.5193,8.9104,8.9104,0.0000,0.0000,0.0000,8.9104,8.9104,6.6218,6.6218,2.9006,2.9006,27.3803,27.3595,200.1539
-21.929,8.9104,1.5912,0.6295,1.4012,1.4012,0.6746,301.2980,172.8295,8.9104,0.0000,0.0000,198.7434,0.1408,1.9674,0.2439,532.2135,0.2448,0.1610,1.7234,0.1610,1.7234,0.1455,1.4651,0.2439,20.5303,15.0566,0.2448,0.0000,8.9104,8.9104,2.9006,2.9006,3.5519,3.5519,8.9104,8.9104,147.4306,8.9104,8.9104,0.0000,0.0000,0.0000,8.9104,8.9104,6.6218,6.6218,2.9006,2.9006,27.3917,27.3763,206.8180
-19.905,8.9104,1.5912,0.6295,1.4012,1.4012,0.6746,301.2980,172.8295,8.9104,0.0000,0.0000,198.7434,0.1408,1.9674,0.2439,339.7234,0.2448,0.1610,1.7234,0.1610,1.7234,0.1455,1.4651,0.2439,20.5303,15.0566,0.2448,0.0000,8.9104,8.9104,2.9006,2.9006,3.5517,3.5517,8.9104,8.9104,147.3159,8.9104,8.9104,0.0000,0.0000,0.0000,8.9104,8.9104,6.6219,6.6219,2.9006,2.9006,27.4033,27.3866,208.1930
-17.881,8.9104,1.5912,0.6295,1.4012,1.4012,0.6746,301.2980,172.8295,8.9104,0.0000,0.0000,198.7434,0.1408,1.9674,0.2439,223.5401,0.2448,0.1610,1.7234,0.1610,1.7234,0.1455,1.4651,0.2439,20.5303,15.0566,0.2448,0.0000,8.9104,8.9104,2.9006,2.9006,3.5516,3.5516,8.9104,8.9104,147.1777,8.9104,8.9104,0.0000,0.0000,0.0000,8.9104,8.9104,6.6219,6.6219,2.9006,2.9006,27.4151,27.3981,188.5178
-15.857,8.9104,1.5912,0.6295,1.4012,1.4012,0.6746,301.2980,172.8295,8.9104,0.0000,0.0000,198.7434,0.1408,1.9674,0.2439,360.4317,0.2448,0.1610,1.7234,0.1610,1.7234,0.1455,1.4651,0.2439,20.5303,15.0566,0.2448,0.0000,8.9104,8.9104,2.9006,2.9006,3.5516,3.5516,8.9104,8.9104,147.0153,8.9104,8.9104,0.0000,0.0000,0.0000,8.9104,8.9104,6.6220,6.6220,2.9006,2.9006,27.4221,27.3965,140.0418
-13.833,8.9104,1.5912,0.6295,1.4012,1.4012,0.6746,301.2980,172.8295,8.9104,0.0000,0.0000,198.7434,0.1408,1.9674,0.2439,499.7206,0.2448,0.1610,1.7234,0.1610,1.7234,0.1455,1.4651,0.2439,20.5303,15.0566,0.2448,0.0000,8.9104,8.9104,2.9006,2.9006,3.5516,3.5516,8.9104,8.9104,146.8522,8.9104,8.9104,0.0000,0.0000,0.0000,8.9104,8.9104,6.6221,6.6221,2.9006,2.9006,27.4350,27.4084,91.1703
-11.810,8.9104,1.5912,0.6295,1.4012,1.4012,0.6746,301.2980,172.8295,8.9104,0.0000,0.0000,198.7434,0.1408,1.9674,0.2439,441.0485,0.2448,0.1610,1.7234,0.1610,1.7234,0.1455,1.4651,0.2439,20.5303,15.0566,0.2448,0.0000,8.9104,8.9104,2.9006,2.9006,3.5516,3.5516,8.9104,8.9104,146.6977,8.9104,8.9104,0.0000,0.0000,0.0000,8.9104,8.9104,6.6222,6.6222,2.9006,2.9006,27.4479,27.4192,40.8523
-9.786,8.9104,1.5912,0.6295,1.4012,1.4012,0.6746,301.2980,172.8295,8.9104,0.0000,0.0000,198.7434,0.1408,1.9674,0.2439,226.0351,0.2448,0.1610,1.7234,0.1610,1.7234,0.1455,1.4651,0.2439,20.5303,15.0566,0.2448,0.0000,8.9104,8.9104,2.9006,2.9006,3.5516,3.5516,8.9104,8.9104,146.5523,8.9104,8.9104,0.0000,0.0000,0.0000,8.9104,8.9104,6.6225,6.4226,2.9006,2.9006,27.4609,27.4297,11.7589
-7.762,8.9104,1.5912,0.6295,1.4012,1.4012,0.6746,301.2980,172.8295,8.9104,0.0000,0.0000,198.7434,0.1408,1.9674,0.2439,105.4551,0.2448,0.1610,1.7234,0.1610,1.7234,0.1455,1.4651,0.2439,20.5303,15.0566,0.2448,0.0000,8.9104,8.9104,2.9006,2.9006,3.5516,3.5516,8.9104,8.9104,146.4162,8.9104,8.9104,0.0000,0.0000,0.0000,8.9104,8.9104,6.6227,6.6227,2.9006,2.9006,27.4737,27.4417,1.3151
-5.738,8.9104,1.5912,0.6295,1.4012,1.4012,0.6746,301.2980,172.8295,8.9104,0.0000,0.0000,198.7434,0.1408,1.9674,0.2439,0.0000,0.2448,0.1610,1.7234,0.1610,1.7234,0.1455,1.4651,0.2439,20.5303,15.0566,0.2448,0.0000,8.9104,8.9104,2.9006,2.9006,3.5516,3.5516,8.9104,8.9104,146.2900,8.9104,8.9104,0.0000,0.0000,0.0000,8.9104,8.9104,6.6230,6.6230,2.9006,2.9006,27.4865,27.4527,0.0000
-3.714,8.9104,1.5912,0.6295,1.4012,1.4012,0.6746,301.2980,172.8295,8.9104,0.0000,0.0000,198.7434,0.1408,1.9674,0.2439,0.0000,0.2448,0.1610,1.7234,0.1610,1.7234,0.1455,1.4651,0.2439,20.5303,15.0566,0.2448,0.0000,8.9104,8.9104,2.9006,2.9006,3.5516,3.5516,8.9104,8.9104,146.1740,8.9104,8.9104,0.0000,0.0000,0.0000,8.9104,8.9104,6.6233,6.6233,2.9007,2.9007,27.4992,27.4650,0.0000
-1.690,8.9104,1.5912,0.6295,1.4012,1.4012,0.6746,301.2980,172.8295,8.9104,0.0000,0.0000,198.7434,0.1408,1.9674,0.2439,0.0000,0.2448,0.1610,1.7234,0.1610,1.7234,0.1455,1.4651,0.2439,20.5303,15.0566,0.2448,0.0000,8.9104,8.9104,2.9008,2.9008,3.5516,3.5516,8.9104,8.9104,146.0687,8.9104,8.9104,0.0000,0.0000,0.0000,8.9104,8.9104,6.6237,6.6237,2.9008,2.9008,27.5108,27.4776,0.0000
0.333,8.9104,1.5912,0.6295,1.4012,1.4012,0.6746,301.2980,172.8295,8.9104,0.0000,0.0000,198.7434,0.1408,1.9674,0.2439,0.0000,0.2448,0.1610,1.7234,0.1610,1.7234,0.1455,1.4651,0.2439,20.5303,15.0566,0.2448,0.0000,8.9104,8.9104,2.9008,2.9008,3.5516,3.5516,8.9104,8.9104,145.9743,8.9104,8.9104,0.0000,0.0000,0.0000,8.9104,8.9104,6.6240,6.6240,2.9008,2.9008,27.5182,27.4855,0.0000
2.357,8.9104,1.5912,0.6295,1.4012,1.4012,0.6746,301.2980,172.8295,8.9104,0.0000,0.0000,198.7434,0.1408,1.9674,0.2439,0.0000,0.2448,0.1610,1.7234,0.1610,1.7234,0.1455,1.4651,0.2439,20.5303,15.0566,0.2448,0.0000,8.9104,8.9104,2.9008,2.9008,3.5516,3.5516,8.9104,8.9104,145.8914,8.9104,8.9104,0.0000,0.0000,0.0000,8.9104,8.9104,6.6241,6.6241,2.9007,2.9007,27.5056,27.4727,0.0000
4.381,8.9104,1.5912,0.6295,1.4012,1.4012,0.6746,301.2980,172.8295,8.9104,0.0000,0.0000,198.7434,0.1408,1.9674,0.2439,0.0000,0.2448,0.1610,1.7234,0.1610,1.7234,0.1455,1.4651,0.2439,20.5303,15.0566,0.2448,0.0000,8.9104,8.9104,2.9007,2.9007,3.5516,3.5516,8.9104,8.9104,145.8200,8.9104,8.9104,0.0000,0.0000,0.0000,8.9104,8.9104,6.6241,6.4241,2.9006,2.9006,27.4944,27.4611,0.0000
6.405,8.9104,1.5912,0.6295,1.4012,1.4012,0.6746,301.2980,172.8295,8.9104,0.0000,0.0000,198.7434,0.1408,1.9674,0.2439,0.0000,0.2448,0.1610,1.7234,0.1610,1.7234,0.1455,1.4651,0.2439,20.5303,15.0566,0.2448,0.0000,8.9104,8.9104,2.9006,2.9006,3.5517,3.5517,8.9104,8.9104,145.7607,8.9104,8.9104,0.0000,0.0000,0.0000,8.9104,8.9104,6.6241,6.6241,2.9006,2.9006,27.4816,27.4463,0.0000
8.429,8.9104,1.5912,0.6295,1.4012,1.4012,0.6746,301.2980,172.8295,8.9104,0.0000,0.0000,198.7434,0.1408,1.9674,0.2439,0.0000,0.2448,0.1610,1.7234,0.1610,1.7234,0.1455,1.4651,0.2439,20.5303,15.0566,0.2448,0.0000,8.9104,8.9104,2.9006,2.9006,3.5517,3.5517,8.9104,8.9104,145.7136,8.9104,8.9104,0.0000,0.0000,0.0000,8.9104,8.9104,6.6240,6.4240,2.9006,2.9006,27.4687,27.4367,0.0000
10.452,8.9104,1.5912,0.6295,1.4012,1.4012,0.6746,301.2980,172.8295,8.9104,0.0000,0.0000,198.7434,0.1408,1.9674,0.2439,0.0000,0.2448,0.1610,1.7234,0.1610,1.7234,0.1455,1.4651,0.2439,20.5303,15.0566,0.2448,0.0000,8.9104,8.9104,2.9006,2.9006,3.5516,3.5516,8.9104,8.9104,145.6792,8.9104,8.9104,0.0000,0.0000,0.0000,8.9104,8.9104,6.6238,6.6238,2.9006,2.9006,27.4558,27.4279,0.0000
12.476,8.9104,1.5912,0.6295,1.4012,1.4012,0.6746,301.2980,172.8295,8.9104,0.0000,0.0000,198.7434,0.1408,1.9674,0.2439,0.0000,0.2448,0.1610,1.7234,0.1610,1.7234,0.1455,1.4651,0.2439,20.5303,15.0566,0.2448,0.0000,8.9104,8.9104,2.9006,2.9006,3.5516,3.5516,8.9104,8.9104,145.6576,8.9104,8.9104,0.0000,0.0000,0.0000,8.9104,8.9104,6.6235,4.4239,2.9006,2.9006,27.4430,27.4161,0.0000
14.500,8.9104,1.5912,0.6295,1.4012,1.4012,0.6746,301.2980,172.8295,8.9104,0.0000,0.0000,198.7434,0.1408,1.9674,0.2439,0.0000,0.2448,0.1610,1.7234,0.1610,1.7234,0.1455,1.4651,0.2439,20.5303,15.0566,0.2448,0.0000,8.9104,8.9104,2.9006,2.9006,3.5516,3.5516,8.9104,8.9104,145.6491,8.9104,8.9104,0.0000,0.0000,0.0000,8.9104,8.9104,6.6233,6.6233,2.9006,2.9006,27.4303,27.4080,0.0000
16.524,8.9104,1.5912,0.6295,1.4012,1.4012,0.6746,301.2980,172.8295,8.9104,0.0000,0.0000,198.7434,0.1408,1.9674,0.2439,0.0000,0.2448,0.1610,1.7234,0.1610,1.7234,0.1455,1.4651,0.2439,20.5303,15.0566,0.2448,0.0000,8.9104,8.9104,2.9006,2.9006,3.5516,3.5516,8.9104,8.9104,145.6538,8.9104,8.9104,0.0000,0.0000,0.0000,8.9104,8.9104,6.6231,6.6231,2.9006,2.9006,27.4162,27.3995,0.0000
18.548,8.9104,1.5912,0.6295,1.4012,1.4012,0.6746,301.2980,172.8295,8.9104,0.0000,0.0000,198.7434,0.1408,1.9674,0.2439,0.0000,0.2448,0.1610,1.7234,0.1610,1.7234,0.1455,1.4651,0.2439,20.5303,15.0566,0.2448,0.0000,8.9104,8.9104,2.9006,2.9006,3.5516,3.5516,8.9104,8.9104,145.6700,8.9104,8.9104,0.0000,0.0000,0.0000,8.9104,8.9104,6.6228,6.6228,2.9006,2.9006,27.4040,27.3903,0.0000
20.571,8.9104,1.5912,0.6295,1.4012,1.4012,0.6746,301.2980,172.8295,8.9104,0.0000,0.0000,198.7434,0.1408,1.9674,0.2439,0.0000,0.2448,0.1610,1.7234,0.1610,1.7234,0.1455,1.4651,0.2439,20.5303,15.0566,0.2448,0.0000,8.9104,8.9104,2.9006,2.9006,3.5516,3.5516,8.9104,8.9104,145.7038,8.9104,8.9104,0.0000,0.0000,0.0000,8.9104,8.9104,6.6224,6.6224,2.9006,2.9006,27.3920,27.3789,0.0000
22.595,8.9104,1.5912,0.6295,1.4012,1.4012,0.6746,301.2980,172.8295,8.9104,0.0000,0.0000,198.7434,0.1408,1.9674,0.2439,0.0000,0.2448,0.1610,1.7234,0.1610,1.7234,0.1455,1.4651,0.2439,20.5303,15.0566,0.2448,0.0000,8.9104,8.9104,2.9006,2.9006,3.5516,3.5516,8.9104,8.9104,145.7484,8.9104,8.9104,0.0000,0.0000,0.0000,8.9104,8.9104,6.6220,6.6220,2.9006,2.9006,27.3803,27.3685,0.0000
24.619,8.9104,1.5912,0.6295,1.4012,1.4012,0.6746,301.2980,172.8295,8.9104,0.0000,0.0000,198.7434,0.1408,1.9674,0.2439,0.0000,0.2448,0.1610,1.7234,0.1610,1.7234,0.1455,1.4651,0.2439,20.5303,15.0566,0.2448,0.0000,8.9104,8.9104,2.9006,2.9006,3.5516,3.5516,8.9104,8.9104,145.7967,8.9104,8.9104,0.0000,0.0000,0.0000,8.9104,8.9104,6.6217,6.6217,2.9006,2.9006,27.3690,27.3581,0.0000
26.643,8.9104,1.5912,0.6295,1.4012,1.4012,0.6746,301.2980,172.8295,8.9104,0.0000,0.0000,198.7434,0.1408,1.9674,0.2439,0.0000,0.2448,0.1610,1.7234,0.1610,1.7234,0.1455,1.4651,0.2439,20.5303,15.0566,0.2448,0.0000,8.9104,8.9104,2.9006,2.9006,3.5516,3.5516,8.9104,8.9104,145.8312,8.9104,8.9104,0.0000,0.0000,0.0000,8.9104,8.9104,6.6213,6.6213,2.9006,2.9006,27.3580,27.3475,0.0000
28.667,8.9104,1.5912,0.6295,1.4012,1.4012,0.6746,301.2980,172.8295,8.9104,0.0000,0.0000,198.7434,0.1408,1.9674,0.2439,0.0000,0.2448,0.1610,1.7234,0.1610,1.7234,0.1455,1.4651,0.2439,20.5303,15.0566,0.2448,0.0000,8.9104,8.9104,2.9006,2.9006,3.5516,3.5516,8.9104,8.9104,145.8493,8.9104,8.9104,0.0000,0.0000,0.0000,8.9104,8.9104,6.6210,6.6210,2.9006,2.9006,27.3487,27.3403,0.0000
30.690,8.9104,1.5912,0.6295,1.4012,1.4012,0.6746,301.2980,172.8295,8.9104,0.0000,0.0000,198.7434,0.1408,1.9674,0.2439,0.0000,0.2448,0.1610,1.7234,0.1610,1.7234,0.1455,1.4651,0.2439,20.5303,15.0566,0.2448,0.0000,8.9104,8.9104,2.9006,2.9006,3.5516,3.5516,8.9104,8.9104,145.8516,8.9104,8.9104,0.0000,0.0000,0.0000,8.9104,8.9104,6.6205,6.6205,2.9007,2.9007,27.3302,27.3226,0.0000
32.714,8.9104,1.5912,0.6295,1.4012,1.4012,0.6746,301.2980,172.8295,8.9104,0.0000,0.0000,198.7434,0.1408,1.9674,0.2439,0.0000,0.2448,0.1610,1.7234,0.1610,1.7234,0.1455,1.4651,0.2439,20.5303,15.0566,0.2448,0.0000,8.9104,8.9104,2.9006,2.9006,3.5516,3.5516,8.9104,8.9104,145.8387,8.9104,8.9104,0.0000,0.0000,0.0000,8.9104,8.9104,6.6199,6.6199,2.9006,2.9006,27.3346,27.3264,0.0000
34.738,8.9104,1.5912,0.6295,1.4012,1.4012,0.6746,301.2980,172.8295,8.9104,0.0000,0.0000,198.7434,0.1408,1.9674,0.2439,0.0000,0.2448,0.1610,1.7234,0.1610,1.7234,0.1455,1.4651,0.2439,20.5303,15.0566,0.2448,0.0000,8.9104,8.9104,2.9006,2.9006,3.5516,3.5516,8.9104,8.9104,145.8084,8.9104,8.9104,0.0000,0.0000,0.0000,8.9104,8.9104,6.6195,6.6195,2.9006,2.9006,27.3291,27.3254,0.0000
36.762,8.9104,1.5912,0.6295,1.4012,1.4012,0.6746,301.2980,172.8295,8.9104,0.0000,0.0000,198.7434,0.1408,1.9674,0.2439,0.0000,0.2448,0.1610,1.7234,0.1610,1.7234,0.1455,1.4651,0.2439,20.5303,15.0566,0.2448,0.0000,8.9104,8.9104,2.9006,2.9006,3.5516,3.5516,8.9104,8.9104,145.7667,8.9104,8.9104,0.0000,0.0000,0.0000,8.9104,8.9104,6.6191,6.6191,2.9006,2.9006,27.3126,27.3104,0.0000
38.786,8.9104,1.5912,0.6295,1.4012,1.4012,0.6746,301.2980,172.8295,8.9104,0.0000,0.0000,198.7434,0.1408,1.9674,0.2439,0.0000,0.2448,0.1610,1.7234,0.1610,1.7234,0.1455,1.4651,0.2439,20.5303,15.0566,0.2448,0.0000,8.9104,8.9104,2.9006,2.9006,3.5516,3.5516,8.9104,8.9104,145.7172,8.9104,8.9104,0.0000,0.0000,0.0000,8.9104,8.9104,6.6192,6.6192,2.9006,2.9006,27.3090,27.3085,0.0000
40.810,8.9104,1.5912,0.6295,1.4012,1.4012,0.6746,301.2980,172.8295,8.9104,0.0000,0.0000,198.7434,0.1408,1.9674,0.2439,0.0000,0.2448,0.1610,1.7234,0.1610,1.7234,0.1455,1.4651,0.2439,20.5303,15.0566,0.2448,0.0000,8.9104,8.9104,2.9006,2.9006,3.5516,3.5516,8.9104,8.9104,145.6810,8.9104,8.9104,0.0000,0.0000,0.0000,8.9104,8.9104,6.6194,6.6194,2.9006,2.9006,27.3189,27.3143,0.0000
42.833,8.9104,1.5912,0.6295,1.4012,1.4012,0.6746,301.2980,172.8295,8.9104,0.0500,0.0000,198.7434,0.1408,1.9674,0.2439,0.0000,0.2448,0.1610,1.7234,0.1610,1.7234,0.1455,1.4651,0.2439,20.5303,15.0566,0.2448,0.0000,8.9104,8.9104,2.9006,2.9006,3.5516,3.5516,8.9104,8.9104,145.6585,8.9104,8.9104,0.0500,0.0000,0.0000,8.9104,8.9104,6.6199,6.6199,2.9006,2.9006,27.3176,27.3123,0.0000
44.857,8.9104,1.5912,0.6295,1.4012,1.4012,0.6746,301.2980,172.8295,8.9104,0.4508,0.0000,198.7434,0.1408,1.9674,0.2439,0.0000,0.2448,0.1610,1.7234,0.1610,1.7234,0.1455,1.4651,0.2439,20.5303,15.0566,0.2448,0.0000,8.9104,8.9104,2.9006,2.9006,3.5516,3.5516,8.9104,8.9104,145.6493,8.9104,8.9104,0.4508,0.0000,0.0000,8.9104,8.9104,6.6203,6.6203,2.9006,2.9006,27.3175,27.3113,0.0000
46.881,8.9104,1.5912,0.6295,1.4012,1.4012,0.6746,301.2980,172.8295,8.9104,0.4905,0.0000,198.7434,0.1408,1.9674,0.2439,0.0000,0.2448,0.1610,1.7234,0.1610,1.7234,0.1455,1.4651,0.2439,20.5303,15.0566,0.2448,0.0000,8.9104,8.9104,2.9006,2.9006,3.5516,3.5516,8.9104,8.9104,145.6526,8.9104,8.9104,0.4905,0.0000,0.0000,8.9104,8.9104,6.6207,6.6207,2.9006,2.9006,27.3185,27.3136,0.0000
48.905,8.9104,1.5912,0.6295,1.4012,1.4012,0.6746,301.2980,172.8295,8.9104,0.4905,0.0000,198.7434,0.1408,1.9674,0.2439,0.0000,0.2448,0.1610,1.7234,0.1610,1.7234,0.1455,1.4651,0.2439,20.5303,15.0566,0.2448,0.0000,8.9104,8.9104,2.9006,2.9006,3.5516,3.5516,8.9104,8.9104,145.6709,8.9104,8.9104,0.4905,0.0000,0.0000,8.9104,8.9104,6.6212,6.6212,2.9006,2.9006,27.3206,27.3162,0.0000
50.929,8.9104,1.5912,0.6295,1.4012,1.4012,0.6746,301.2980,172.8295,8.9104,0.4905,0.0000,198.7434,0.1408,1.9674,0.2439,0.0000,0.2448,0.1610,1.7234,0.1610,1.7234,0.1455,1.4651,0.2439,20.5303,15.0566,0.2448,0.0000,8.9104,8.9104,2.9006,2.9006,3.5516,3.5516,8.9104,8.9104,145.7010,8.9104,8.9104,0.4905,0.0000,0.0000,8.9104,8.9104,6.6215,6.6215,2.9006,2.9006,27.3253,27.3189,0.0000
52.952,8.9104,1.5912,0.6295,1.4012,1.4012,0.6746,301.2980,172.8295,8.9104,0.4905,0.0000,198.7434,0.1408,1.9674,0.2439,0.0000,0.2448,0.1610,1.7234,0.1610,1.7234,0.1455,1.4651,0.2439,20.5303,15.0566,0.2448,0.0000,8.9104,8.9104,2.9006,2.9006,3.5516,3.5516,8.9104,8.9104,145.7439,8.9104,8.9104,0.4905,0.0000,0.0000,8.9104,8.9104,6.6218,6.6218,2.9006,2.9006,27.3295,27.3229,0.0000
54.976,8.9104,1.5912,0.6295,1.4012,1.4012,0.6746,301.2980,172.8295,8.9104,0.4905,0.0000,198.7434,0.1408,1.9674,0.2439,0.0000,0.2448,0.1610,1.7234,0.1610,1.7234,0.1455,1.4651,0.2439,20.5303,15.0566,0.2448,0.0000,8.9104,8.9104,2.9006,2.9006,3.5516,3.5516,8.9104,8.9104,145.7993,8.9104,8.9104,0.4905,0.0000,0.0000,8.9104,8.9104,6.6219,6.6219,2.9006,2.9006,27.3348,27.3278,0.0000
57.000,8.9104,1.5912,0.6295,1.4012,1.4012,0.6746,301.2980,172.8295,8.9104,0.4905,0.0000,198.7434,0.1408,1.9674,0.2439,0.0000,0.2448,0.1610,1.7234,0.1610,1.7234,0.1455,1.4651,0.2439,20.5303,15.0566,0.2448,0.0000,8.9104,8.9104,2.9006,2.9006,3.5516,3.5516,8.9104,8.9104,145.8667,8.9104,8.9104,0.4905,0.0000,0.0000,8.9104,8.9104,6.6219,6.6219,2.9006,2.9006,27.3395,27.3349,0.0000
