time_s,pitch_deg,height_mm,fax_fem_N,flat_fem_N,fax_tib_N,flat_tib_N,fax_cpl_N,fbear_A_N,fbear_C_N,fbear_E_N,fbear_F_N,fbear_W_N,grf_L_N
0.0160,-1.997,0.0,-9.96,4.32,1.92,10.51,12.08,10.83,107.36,104.71,104.71,2.88,6.77
0.0490,-1.940,0.0,-6.04,3.55,0.42,6.86,6.99,6.96,106.90,104.28,104.28,2.39,6.26
0.0655,-1.877,0.0,-9.43,4.21,1.60,10.02,11.61,10.30,106.19,103.57,103.57,2.98,7.03
0.0820,-1.823,0.0,-9.84,4.31,1.70,10.43,11.95,10.71,106.25,103.59,103.59,2.87,6.94
0.0985,-1.744,0.0,-7.25,3.79,0.77,7.99,8.69,8.14,105.85,103.22,103.22,2.57,6.60
0.1150,-1.657,0.0,-9.82,4.30,1.63,10.41,12.11,10.70,105.42,102.80,102.80,3.03,7.07
0.1315,-1.578,0.0,-9.11,4.16,1.35,9.75,11.05,9.98,105.31,102.66,102.66,2.77,6.83
0.1480,-1.490,0.0,-5.73,3.49,0.18,6.57,6.60,6.67,105.23,102.63,102.63,2.37,6.21
0.1645,-1.400,0.0,-9.64,4.26,1.47,10.24,11.96,10.51,104.50,101.90,101.90,3.06,7.08
0.1810,-1.326,0.0,-9.79,4.31,1.48,10.42,11.92,10.67,104.59,101.94,101.94,2.86,6.88
0.1975,-1.239,0.0,-8.63,4.06,1.07,9.31,10.53,9.51,104.24,101.61,101.61,2.77,6.79
0.2140,-1.155,0.0,-10.73,4.49,1.73,11.30,13.39,11.61,103.73,101.16,101.16,3.29,7.24
0.2305,-1.074,0.0,-10.50,4.45,1.63,11.08,13.13,11.38,103.49,100.93,100.93,3.29,7.24
0.2470,-1.008,0.0,-11.20,4.61,1.81,11.79,13.76,12.09,103.63,101.04,101.04,3.13,7.09
0.2635,-0.932,0.0,-8.17,3.97,0.83,8.89,9.87,9.06,103.28,100.65,100.65,2.63,6.64
0.2800,-0.855,0.0,-9.87,4.33,1.33,10.51,12.10,10.75,103.16,100.55,100.55,2.94,6.94
0.2965,-0.796,0.0,-6.94,3.72,0.41,7.71,8.33,7.84,102.95,100.34,100.34,2.52,6.49
0.3130,-0.726,0.0,-10.78,4.52,1.57,11.39,13.36,11.67,102.63,100.06,100.06,3.18,7.14
0.3295,-0.674,0.0,-11.18,4.60,1.66,11.78,13.85,12.07,102.48,99.92,99.92,3.24,7.18
0.3460,-0.610,0.0,-10.27,4.40,1.37,10.89,12.83,11.15,102.13,99.56,99.56,3.20,7.17
0.3625,-0.550,0.0,-9.05,4.15,0.97,9.73,11.09,9.93,102.17,99.56,99.56,2.82,6.84
0.3790,-0.487,0.0,-9.10,4.17,0.97,9.80,11.07,9.99,102.11,99.48,99.48,2.74,6.76
0.3955,-0.424,0.0,-10.09,4.38,1.24,10.74,12.44,10.97,101.89,99.29,99.29,3.01,7.00
0.4120,-0.370,0.0,-7.27,3.79,0.40,8.04,8.78,8.17,101.79,99.19,99.19,2.55,6.54
0.4285,-0.326,0.0,-10.23,4.40,1.24,10.87,12.74,11.12,101.38,98.81,98.81,3.15,7.12
0.4450,-0.271,0.0,-8.19,3.98,0.63,8.92,9.98,9.08,101.41,98.80,98.80,2.67,6.69
0.4615,-0.220,0.0,-7.69,3.87,0.47,8.44,9.22,8.58,101.53,98.91,98.91,2.52,6.52
0.4780,-0.167,0.0,-3.92,3.07,-0.61,4.82,4.38,4.93,101.37,98.94,98.94,2.41,6.07
0.4945,-0.129,0.0,-8.49,4.04,0.67,9.21,10.38,9.37,100.94,98.33,98.33,2.72,6.74
0.5110,-0.096,0.0,-7.40,3.81,0.35,8.16,8.90,8.30,100.96,98.36,98.36,2.52,6.51
0.5275,-0.047,0.0,-7.41,3.80,0.35,8.17,9.04,8.31,100.64,98.05,98.05,2.62,6.62
0.5440,0.003,0.0,-6.23,3.55,0.01,7.03,7.39,7.14,100.67,98.12,98.12,2.43,6.34
0.5605,0.045,0.0,-6.40,3.59,0.04,7.20,7.63,7.31,100.63,98.06,98.06,2.44,6.37
0.5770,0.068,0.0,-9.19,4.18,0.80,9.88,11.40,10.08,100.25,97.67,97.67,2.93,6.94
0.5935,0.093,0.0,-7.06,3.73,0.21,7.82,8.57,7.95,100.25,97.68,97.68,2.57,6.56
0.6100,0.133,0.0,-8.72,4.08,0.65,9.43,10.76,9.60,100.08,97.50,97.50,2.82,6.84
0.6265,0.161,0.0,-7.23,3.76,0.24,7.99,8.74,8.12,100.04,97.46,97.46,2.54,6.53
0.6430,0.189,0.0,-7.08,3.73,0.18,7.85,8.57,7.97,100.05,97.48,97.48,2.54,6.53
0.6595,0.223,0.0,-7.65,3.86,0.33,8.41,9.23,8.54,100.04,97.44,97.44,2.54,6.54
0.6760,0.248,0.0,-11.64,4.72,1.38,12.27,14.53,12.54,99.76,97.26,97.26,3.39,7.28
0.6925,0.290,0.0,-8.63,4.07,0.57,9.35,10.66,9.52,99.65,97.07,97.07,2.82,6.84
0.7090,0.325,0.0,-8.03,3.93,0.41,8.75,10.02,8.91,99.21,96.66,96.66,2.85,6.86
0.7255,0.335,0.0,-8.57,4.05,0.54,9.29,10.60,9.45,99.47,96.90,96.90,2.82,6.84
0.7420,0.352,0.0,-9.39,4.23,0.75,10.09,11.64,10.28,99.37,96.80,96.80,2.94,6.94
0.7585,0.368,0.0,-8.14,3.96,0.41,8.88,9.97,9.03,99.35,96.77,96.77,2.69,6.70
0.7750,0.395,0.0,-8.12,3.95,0.40,8.85,10.03,9.01,99.17,96.60,96.60,2.75,6.77
0.7915,0.426,0.0,-8.09,3.95,0.38,8.83,9.99,8.98,99.12,96.55,96.55,2.74,6.76
0.8080,0.443,0.0,-7.07,3.73,0.11,7.84,8.55,7.97,99.25,96.69,96.69,2.52,6.50
0.8245,0.466,0.0,-10.15,4.40,0.90,10.83,12.72,11.05,98.88,96.34,96.34,3.17,7.14
0.8410,0.485,0.0,-7.79,3.88,0.28,8.54,9.56,8.68,99.00,96.43,96.43,2.66,6.68
0.8575,0.499,0.0,-6.53,3.61,-0.04,7.32,7.87,7.44,99.03,96.48,96.48,2.48,6.43
0.8740,0.528,0.0,-7.86,3.90,0.29,8.60,9.63,8.75,98.90,96.33,96.33,2.66,6.67
0.8905,0.550,0.0,-7.40,3.80,0.17,8.16,9.07,8.30,98.77,96.21,96.21,2.62,6.63
0.9070,0.563,0.0,-9.17,4.18,0.61,9.87,11.47,10.05,98.52,95.97,95.97,3.00,7.00
0.9235,0.568,0.0,-6.77,3.66,-0.00,7.56,8.11,7.67,98.91,96.34,96.34,2.45,6.40
0.9400,0.584,0.0,-9.58,4.27,0.70,10.28,11.92,10.47,98.56,96.01,96.01,2.99,6.99
0.9565,0.593,0.0,-9.75,4.31,0.74,10.43,12.28,10.64,98.34,95.81,95.81,3.17,7.14
0.9730,0.607,0.0,-6.65,3.63,-0.05,7.43,8.06,7.55,98.65,96.10,96.10,2.51,6.48
0.9895,0.619,0.0,-8.69,4.08,0.46,9.41,10.79,9.58,98.34,95.77,95.77,2.85,6.87
1.0060,0.639,0.0,-7.81,3.88,0.24,8.56,9.57,8.70,98.39,95.82,95.82,2.64,6.66
1.0225,0.649,0.0,-9.48,4.25,0.65,10.17,11.86,10.37,98.21,95.66,95.66,3.04,7.04
1.0390,0.663,0.0,-8.74,4.09,0.46,9.46,10.80,9.63,98.30,95.74,95.74,2.81,6.83
1.0555,0.675,0.0,-6.33,3.56,-0.15,7.12,7.58,7.23,98.48,95.95,95.95,2.44,6.37
1.0720,0.681,0.0,-10.09,4.38,0.79,10.77,12.72,10.98,98.04,95.52,95.52,3.23,7.19
1.0885,0.683,0.0,-6.06,3.50,-0.22,6.85,7.25,6.97,98.36,95.84,95.84,2.43,6.34
1.1050,0.700,0.0,-7.21,3.75,0.06,7.96,8.86,8.10,98.19,95.64,95.64,2.63,6.63
1.1215,0.706,0.0,-7.87,3.89,0.23,8.60,9.82,8.76,97.98,95.44,95.44,2.80,6.82
1.1380,0.716,0.0,-7.49,3.81,0.13,8.24,9.22,8.38,98.04,95.49,95.49,2.65,6.66
1.1545,0.719,0.0,-9.66,4.30,0.66,10.36,12.08,10.55,97.86,95.32,95.32,3.05,7.04
1.1710,0.729,0.0,-10.64,4.51,0.89,11.32,13.42,11.54,97.85,95.35,95.35,3.32,7.25
1.1875,0.743,0.0,-7.48,3.81,0.11,8.24,9.16,8.38,98.14,95.58,95.58,2.61,6.62
1.2040,0.738,0.0,-6.29,3.55,-0.18,7.08,7.54,7.20,98.18,95.65,95.65,2.44,6.37
1.2205,0.756,0.0,-6.42,3.58,-0.15,7.19,7.89,7.32,97.82,95.31,95.31,2.57,6.55
1.2370,0.754,0.0,-10.46,4.47,0.83,11.14,13.15,11.35,97.81,95.30,95.30,3.25,7.20
1.2535,0.749,0.0,-10.26,4.43,0.78,10.95,12.77,11.16,97.88,95.34,95.34,3.09,7.06
1.2700,0.741,0.0,-6.75,3.65,-0.07,7.53,8.18,7.65,97.96,95.42,95.42,2.50,6.47
1.2865,0.754,0.0,-8.68,4.07,0.39,9.40,10.86,9.57,97.59,95.04,95.04,2.92,6.93
1.3030,0.766,0.0,-8.27,3.98,0.29,9.00,10.25,9.16,97.77,95.21,95.21,2.78,6.80
1.3195,0.772,0.0,-7.19,3.74,0.03,7.95,8.87,8.08,97.73,95.20,95.20,2.64,6.64
1.3360,0.768,0.0,-9.31,4.22,0.53,10.03,11.57,10.20,97.68,95.12,95.12,2.93,6.93
1.3525,0.769,0.0,-8.68,4.07,0.38,9.40,10.74,9.56,97.66,95.10,95.10,2.80,6.82
1.3690,0.778,0.0,-7.97,3.92,0.20,8.71,9.78,8.86,97.75,95.19,95.19,2.66,6.68
1.3855,0.791,0.0,-5.07,3.28,-0.49,5.88,6.03,6.01,97.77,95.32,95.32,2.42,6.24
1.4020,0.798,0.0,-9.79,4.32,0.64,10.49,12.35,10.69,97.56,95.04,95.04,3.18,7.15
1.4185,0.798,0.0,-8.34,4.00,0.29,9.06,10.39,9.22,97.52,94.98,94.98,2.84,6.85
1.4350,0.792,0.0,-8.69,4.07,0.37,9.41,10.88,9.58,97.46,94.92,94.92,2.92,6.93
1.4515,0.801,0.0,-7.41,3.79,0.06,8.17,9.07,8.30,97.61,95.06,95.06,2.59,6.59
1.4680,0.804,0.0,-7.60,3.84,0.10,8.35,9.34,8.49,97.66,95.11,95.11,2.65,6.66
1.4845,0.814,0.0,-6.15,3.52,-0.24,6.94,7.38,7.06,97.73,95.22,95.22,2.43,6.35
1.5010,0.813,0.0,-7.01,3.71,-0.04,7.78,8.52,7.91,97.63,95.08,95.08,2.53,6.51
1.5175,0.816,0.0,-8.92,4.13,0.42,9.64,11.13,9.81,97.39,94.84,94.84,2.92,6.93
1.5340,0.812,0.0,-9.05,4.16,0.45,9.77,11.30,9.94,97.43,94.89,94.89,2.94,6.95
1.5505,0.811,0.0,-7.84,3.89,0.16,8.59,9.61,8.73,97.62,95.06,95.06,2.63,6.65
1.5670,0.815,0.0,-9.00,4.14,0.43,9.72,11.22,9.89,97.38,94.83,94.83,2.92,6.93
1.5835,0.820,0.0,-10.37,4.44,0.76,11.05,13.17,11.26,97.11,94.62,94.62,3.36,7.29
1.6000,0.826,0.0,-9.38,4.23,0.52,10.08,11.80,10.27,97.22,94.69,94.69,3.07,7.06
1.6165,0.813,0.0,-10.80,4.54,0.85,11.47,13.68,11.70,97.17,94.69,94.69,3.41,7.32
1.6330,0.801,0.0,-6.27,3.54,-0.22,7.05,7.58,7.18,97.55,95.04,95.04,2.47,6.41
1.6495,0.804,0.0,-6.71,3.64,-0.12,7.48,8.14,7.61,97.52,94.99,94.99,2.50,6.47
1.6660,0.813,0.0,-8.44,4.02,0.29,9.17,10.52,9.33,97.26,94.72,94.72,2.84,6.86
1.6825,0.818,0.0,-7.76,3.88,0.13,8.52,9.48,8.66,97.56,94.99,94.99,2.60,6.62
1.6990,0.822,0.0,-9.27,4.21,0.48,9.98,11.60,10.16,97.35,94.81,94.81,2.99,7.00
1.7155,0.808,0.0,-8.67,4.08,0.34,9.40,10.68,9.56,97.48,94.91,94.91,2.76,6.78
1.7320,0.808,0.0,-6.58,3.61,-0.16,7.36,7.95,7.48,97.55,95.02,95.02,2.47,6.43
1.7485,0.806,0.0,-8.25,3.98,0.24,8.99,10.16,9.14,97.48,94.92,94.92,2.71,6.73
1.7650,0.804,0.0,-9.75,4.31,0.59,10.45,12.32,10.65,97.09,94.57,94.57,3.18,7.15
1.7815,0.806,0.0,-8.68,4.07,0.34,9.41,10.81,9.57,97.24,94.70,94.70,2.85,6.87
1.7980,0.805,0.0,-8.93,4.13,0.40,9.64,11.14,9.82,97.19,94.65,94.65,2.92,6.93
1.8145,0.809,0.0,-7.28,3.77,0.01,8.03,8.99,8.17,97.27,94.74,94.74,2.65,6.66
1.8310,0.813,0.0,-9.56,4.27,0.54,10.26,12.05,10.45,97.14,94.61,94.61,3.12,7.10
1.8475,0.821,0.0,-7.90,3.90,0.15,8.64,9.92,8.79,97.12,94.59,94.59,2.84,6.86
1.8640,0.814,0.0,-6.88,3.68,-0.09,7.65,8.39,7.78,97.42,94.89,94.89,2.54,6.52
1.8805,0.803,0.0,-6.09,3.50,-0.27,6.88,7.37,7.00,97.33,94.83,94.83,2.47,6.40
1.8970,0.813,0.0,-6.87,3.67,-0.10,7.64,8.34,7.76,97.46,94.92,94.92,2.51,6.49
1.9135,0.806,0.0,-8.10,3.95,0.19,8.84,10.00,8.99,97.32,94.76,94.76,2.71,6.74
1.9300,0.814,0.0,-5.35,3.33,-0.45,6.14,6.42,6.27,97.32,94.86,94.86,2.43,6.29
1.9465,0.806,0.0,-7.70,3.85,0.10,8.44,9.52,8.59,97.22,94.68,94.68,2.69,6.71
1.9630,0.801,0.0,-4.62,3.18,-0.62,5.45,5.32,5.58,97.66,95.23,95.23,2.35,6.11
1.9795,0.811,0.0,-10.31,4.43,0.71,10.98,13.15,11.20,96.85,94.37,94.37,3.41,7.33
1.9960,0.807,0.0,-9.30,4.21,0.47,10.01,11.70,10.19,97.11,94.58,94.58,3.06,7.05
2.0125,0.805,0.0,-9.18,4.18,0.44,9.89,11.52,10.07,97.02,94.49,94.49,3.01,7.01
2.0290,0.797,0.0,-9.97,4.36,0.63,10.66,12.58,10.86,96.91,94.40,94.40,3.20,7.17
2.0455,0.799,0.0,-8.71,4.08,0.34,9.43,10.95,9.60,96.98,94.45,94.45,2.96,6.97
2.0620,0.800,0.0,-7.71,3.86,0.10,8.45,9.57,8.60,97.08,94.54,94.54,2.72,6.74
2.0785,0.802,0.0,-8.07,3.94,0.18,8.81,9.87,8.96,97.36,94.79,94.79,2.63,6.66
2.0950,0.822,0.0,-9.53,4.26,0.52,10.22,12.07,10.42,96.94,94.43,94.43,3.18,7.16
2.1115,0.814,0.0,-9.71,4.30,0.56,10.41,12.17,10.60,97.08,94.55,94.55,3.08,7.06
2.1280,0.815,0.0,-9.69,4.29,0.56,10.38,12.24,10.58,96.95,94.43,94.43,3.17,7.15
2.1445,0.802,0.0,-7.13,3.73,-0.04,7.89,8.77,8.02,97.22,94.69,94.69,2.61,6.61
2.1610,0.793,0.0,-8.74,4.09,0.33,9.46,10.86,9.63,97.19,94.64,94.64,2.85,6.86
2.1775,0.800,0.0,-8.47,4.03,0.27,9.19,10.57,9.36,97.09,94.55,94.55,2.86,6.88
2.1940,0.794,0.0,-8.47,4.03,0.27,9.21,10.47,9.36,97.26,94.70,94.70,2.76,6.79
2.2105,0.799,0.0,-8.72,4.08,0.33,9.45,10.79,9.61,97.22,94.67,94.67,2.80,6.82
2.2270,0.818,0.0,-9.15,4.18,0.43,9.87,11.40,10.04,97.20,94.65,94.65,2.93,6.94
2.2435,0.817,0.0,-7.31,3.77,0.00,8.07,8.97,8.20,97.22,94.68,94.68,2.60,6.61
2.2600,0.807,0.0,-8.32,4.00,0.23,9.06,10.30,9.21,97.23,94.67,94.67,2.76,6.78
2.2765,0.797,0.0,-10.06,4.38,0.64,10.76,12.63,10.96,97.09,94.57,94.57,3.15,7.12
2.2930,0.802,0.0,-8.52,4.03,0.29,9.24,10.75,9.41,96.87,94.35,94.35,2.96,6.97
2.3095,0.795,0.0,-7.75,3.87,0.10,8.50,9.45,8.64,97.28,94.72,94.72,2.58,6.59
2.3260,0.798,0.0,-7.48,3.81,0.04,8.23,9.23,8.37,97.15,94.62,94.62,2.66,6.66
2.3425,0.801,0.0,-10.09,4.38,0.65,10.78,12.85,10.99,96.81,94.32,94.32,3.33,7.27
2.3590,0.795,0.0,-8.79,4.10,0.34,9.52,10.92,9.68,97.15,94.60,94.60,2.85,6.87
2.3755,0.795,0.0,-7.90,3.90,0.13,8.65,9.67,8.79,97.30,94.74,94.74,2.62,6.64
2.3920,0.798,0.0,-9.06,4.16,0.40,9.77,11.34,9.95,97.03,94.50,94.50,2.97,6.97
2.4085,0.800,0.0,-8.64,4.06,0.31,9.35,10.98,9.53,96.77,94.26,94.26,3.05,7.05
2.4250,0.801,0.0,-6.42,3.57,-0.21,7.20,7.80,7.33,97.25,94.73,94.73,2.49,6.44
2.4415,0.789,0.0,-10.08,4.38,0.64,10.77,12.77,10.97,96.77,94.27,94.27,3.27,7.22
2.4580,0.790,0.0,-7.36,3.77,0.01,8.10,9.15,8.25,96.96,94.44,94.44,2.70,6.71
2.4745,0.785,0.0,-7.51,3.82,0.04,8.27,9.17,8.41,97.29,94.73,94.73,2.57,6.58
2.4910,0.789,0.0,-9.76,4.32,0.57,10.47,12.27,10.66,97.00,94.48,94.48,3.11,7.09
2.5075,0.786,0.0,-6.58,3.61,-0.17,7.36,7.97,7.48,97.24,94.72,94.72,2.48,6.44
2.5240,0.790,0.0,-10.47,4.47,0.73,11.15,13.18,11.37,96.96,94.45,94.45,3.26,7.20
2.5405,0.786,0.0,-6.87,3.67,-0.11,7.64,8.36,7.77,97.24,94.70,94.70,2.52,6.50
2.5570,0.778,0.0,-7.93,3.91,0.14,8.68,9.72,8.82,97.25,94.69,94.69,2.64,6.66
2.5735,0.777,0.0,-8.58,4.05,0.29,9.31,10.60,9.47,97.13,94.58,94.58,2.77,6.79
2.5900,0.775,0.0,-7.52,3.82,0.04,8.27,9.19,8.41,97.29,94.73,94.73,2.59,6.59
2.6065,0.763,0.0,-10.52,4.48,0.74,11.20,13.31,11.42,96.77,94.28,94.28,3.34,7.26
2.6230,0.765,0.0,-10.06,4.38,0.64,10.75,12.78,10.96,96.76,94.27,94.27,3.30,7.25
2.6395,0.773,0.0,-10.87,4.56,0.82,11.55,13.71,11.78,96.93,94.44,94.44,3.35,7.27
2.6560,0.781,0.0,-7.26,3.76,-0.02,8.02,8.96,8.16,97.09,94.56,94.56,2.63,6.64
2.6725,0.776,0.0,-9.04,4.15,0.40,9.76,11.29,9.93,96.99,94.45,94.45,2.93,6.94
2.6890,0.775,0.0,-10.13,4.40,0.65,10.83,12.72,11.03,96.99,94.47,94.47,3.17,7.13
2.7055,0.775,0.0,-6.79,3.65,-0.12,7.55,8.37,7.69,97.10,94.58,94.58,2.60,6.59
2.7220,0.761,0.0,-6.61,3.61,-0.17,7.39,8.07,7.51,97.16,94.64,94.64,2.52,6.49
2.7385,0.756,0.0,-7.05,3.72,-0.07,7.82,8.51,7.95,97.32,94.78,94.78,2.48,6.46
2.7550,0.747,0.0,-7.17,3.74,-0.04,7.93,8.69,8.06,97.21,94.66,94.66,2.50,6.49
2.7715,0.754,0.0,-9.32,4.22,0.46,10.04,11.57,10.21,97.15,94.60,94.60,2.90,6.91
2.7880,0.757,0.0,-11.50,4.70,0.97,12.16,14.75,12.41,96.68,94.27,94.27,3.73,7.55
2.8045,0.764,0.0,-8.21,3.97,0.20,8.95,10.15,9.10,97.09,94.54,94.54,2.73,6.75
2.8210,0.766,0.0,-8.53,4.04,0.28,9.25,10.64,9.42,96.96,94.42,94.42,2.85,6.87
2.8375,0.765,0.0,-8.11,3.95,0.18,8.85,9.99,9.00,97.11,94.56,94.56,2.69,6.71
2.8540,0.771,0.0,-7.09,3.72,-0.06,7.84,8.71,7.98,97.09,94.56,94.56,2.60,6.60
2.8705,0.765,0.0,-9.75,4.31,0.56,10.45,12.25,10.64,96.98,94.45,94.45,3.11,7.09
2.8870,0.762,0.0,-8.99,4.14,0.38,9.71,11.25,9.88,96.95,94.41,94.41,2.95,6.96
2.9035,0.768,0.0,-7.69,3.85,0.08,8.44,9.52,8.58,97.03,94.49,94.49,2.69,6.71
2.9200,0.773,0.0,-4.67,3.18,-0.62,5.49,5.47,5.62,97.33,94.91,94.91,2.39,6.17
2.9365,0.776,0.0,-7.26,3.76,-0.02,8.02,8.83,8.15,97.29,94.74,94.74,2.53,6.53
2.9530,0.769,0.0,-9.64,4.29,0.53,10.36,12.00,10.54,97.14,94.60,94.60,2.98,6.98
2.9695,0.771,0.0,-10.39,4.45,0.71,11.08,13.16,11.29,96.86,94.36,94.36,3.32,7.25
2.9860,0.769,0.0,-7.32,3.77,-0.00,8.07,9.06,8.21,97.06,94.53,94.53,2.66,6.67
3.0025,0.768,0.0,-6.23,3.53,-0.26,7.02,7.42,7.13,97.35,94.83,94.83,2.39,6.31
3.0190,0.773,0.0,-6.78,3.65,-0.13,7.54,8.27,7.67,97.11,94.59,94.59,2.53,6.51
3.0355,0.763,0.0,-7.45,3.80,0.02,8.20,9.19,8.34,97.08,94.55,94.55,2.65,6.66
3.0520,0.757,0.0,-7.78,3.87,0.10,8.52,9.58,8.67,97.14,94.59,94.59,2.66,6.68
3.0685,0.756,0.0,-9.04,4.15,0.39,9.75,11.35,9.93,96.96,94.43,94.43,2.99,7.00
3.0850,0.750,0.0,-6.52,3.59,-0.19,7.30,7.89,7.42,97.18,94.66,94.66,2.47,6.43
3.1015,0.760,0.0,-6.83,3.66,-0.12,7.60,8.29,7.72,97.24,94.70,94.70,2.50,6.48
3.1180,0.752,0.0,-10.29,4.43,0.68,10.98,12.96,11.19,96.89,94.38,94.38,3.23,7.18
3.1345,0.750,0.0,-9.50,4.26,0.50,10.21,11.97,10.40,96.87,94.35,94.35,3.10,7.08
3.1510,0.758,0.0,-9.05,4.15,0.40,9.76,11.40,9.94,96.79,94.27,94.27,3.03,7.03
3.1675,0.758,0.0,-7.99,3.92,0.15,8.73,9.87,8.88,97.12,94.57,94.57,2.71,6.73
3.1840,0.756,0.0,-7.81,3.87,0.11,8.54,9.83,8.69,96.84,94.32,94.32,2.85,6.87
3.2005,0.750,0.0,-6.81,3.66,-0.13,7.58,8.24,7.71,97.24,94.70,94.70,2.48,6.45
3.2170,0.757,0.0,-12.17,4.85,1.12,12.81,15.61,13.09,96.65,94.27,94.27,3.89,7.68
3.2335,0.758,0.0,-8.87,4.11,0.35,9.59,11.09,9.76,96.93,94.39,94.39,2.92,6.93
3.2500,0.747,0.0,-6.65,3.63,-0.16,7.43,7.97,7.55,97.42,94.87,94.87,2.42,6.37
3.2665,0.754,0.0,-7.94,3.91,0.14,8.68,9.76,8.83,97.15,94.59,94.59,2.66,6.68
3.2830,0.758,0.0,-8.35,4.00,0.23,9.07,10.50,9.24,96.92,94.39,94.39,2.91,6.93
3.2995,0.750,0.0,-9.75,4.31,0.56,10.45,12.34,10.65,96.79,94.28,94.28,3.20,7.17
3.3160,0.752,0.0,-8.47,4.03,0.26,9.21,10.40,9.36,97.22,94.65,94.65,2.70,6.72
3.3325,0.765,0.0,-8.96,4.13,0.38,9.67,11.33,9.85,96.88,94.36,94.36,3.06,7.06
3.3490,0.762,0.0,-9.54,4.26,0.51,10.24,12.00,10.43,96.91,94.39,94.39,3.09,7.08
3.3655,0.761,0.0,-10.12,4.40,0.64,10.82,12.77,11.02,96.91,94.41,94.41,3.22,7.18
3.3820,0.765,0.0,-12.35,4.89,1.16,12.99,15.81,13.27,96.68,94.31,94.31,3.91,7.69
3.3985,0.749,0.0,-8.62,4.06,0.29,9.36,10.62,9.51,97.15,94.59,94.59,2.74,6.76
3.4150,0.754,0.0,-9.05,4.16,0.39,9.77,11.31,9.94,97.01,94.47,94.47,2.94,6.95
3.4315,0.760,0.0,-10.38,4.45,0.70,11.06,13.19,11.27,96.75,94.27,94.27,3.37,7.30
3.4480,0.753,0.0,-6.47,3.58,-0.20,7.24,7.94,7.37,97.06,94.55,94.55,2.55,6.52
3.4645,0.754,0.0,-9.36,4.23,0.46,10.07,11.69,10.25,97.05,94.51,94.51,2.98,6.98
3.4810,0.755,0.0,-8.37,4.01,0.24,9.10,10.38,9.26,97.04,94.50,94.50,2.78,6.80
3.4975,0.766,0.0,-6.53,3.59,-0.19,7.29,8.02,7.43,96.95,94.45,94.45,2.56,6.53
3.5140,0.759,0.0,-6.58,3.61,-0.18,7.35,8.01,7.48,97.14,94.62,94.62,2.51,6.48
3.5305,0.757,0.0,-7.22,3.75,-0.03,7.98,8.84,8.11,97.11,94.57,94.57,2.58,6.58
3.5470,0.757,0.0,-9.66,4.29,0.54,10.36,12.19,10.55,96.81,94.30,94.30,3.15,7.13
3.5635,0.749,0.0,-9.85,4.34,0.58,10.55,12.36,10.75,96.94,94.42,94.42,3.11,7.09
3.5800,0.756,0.0,-6.60,3.61,-0.17,7.38,8.00,7.50,97.23,94.70,94.70,2.48,6.44
3.5965,0.755,0.0,-8.68,4.08,0.31,9.41,10.74,9.57,97.07,94.52,94.52,2.79,6.82
3.6130,0.764,0.0,-7.12,3.73,-0.05,7.88,8.70,8.01,97.16,94.62,94.62,2.56,6.55
3.6295,0.757,0.0,-10.82,4.55,0.80,11.50,13.66,11.72,96.87,94.39,94.39,3.37,7.28
3.6460,0.753,0.0,-6.38,3.56,-0.23,7.16,7.73,7.28,97.23,94.72,94.72,2.48,6.43
3.6625,0.754,0.0,-9.98,4.37,0.61,10.68,12.52,10.88,96.98,94.45,94.45,3.13,7.10
3.6790,0.754,0.0,-8.28,3.99,0.22,9.02,10.32,9.17,97.06,94.52,94.52,2.81,6.83
3.6955,0.746,0.0,-8.78,4.10,0.33,9.50,10.91,9.67,97.02,94.48,94.48,2.85,6.87
3.7120,0.741,0.0,-9.73,4.31,0.55,10.44,12.22,10.63,96.89,94.37,94.37,3.09,7.07
3.7285,0.748,0.0,-8.89,4.12,0.36,9.61,11.12,9.79,97.00,94.46,94.46,2.92,6.94
3.7450,0.749,0.0,-9.43,4.23,0.48,10.12,11.97,10.32,96.71,94.21,94.21,3.18,7.16
3.7615,0.754,0.0,-7.25,3.76,-0.02,8.01,8.90,8.15,97.06,94.52,94.52,2.60,6.60
3.7780,0.762,0.0,-7.10,3.73,-0.06,7.87,8.64,7.99,97.16,94.62,94.62,2.53,6.52
3.7945,0.760,0.0,-7.44,3.80,0.02,8.20,9.06,8.33,97.24,94.69,94.69,2.56,6.56
3.8110,0.751,0.0,-8.50,4.03,0.27,9.22,10.61,9.39,97.04,94.49,94.49,2.86,6.88
3.8275,0.742,0.0,-8.74,4.09,0.32,9.46,10.91,9.63,97.00,94.46,94.46,2.89,6.91
3.8440,0.755,0.0,-7.86,3.89,0.12,8.60,9.72,8.75,97.09,94.54,94.54,2.71,6.73
3.8605,0.754,0.0,-7.72,3.86,0.09,8.47,9.50,8.61,97.06,94.51,94.51,2.65,6.67
3.8770,0.762,0.0,-9.51,4.26,0.50,10.22,11.97,10.40,96.90,94.38,94.38,3.09,7.07
3.8935,0.757,0.0,-8.54,4.04,0.28,9.27,10.67,9.43,96.97,94.43,94.43,2.87,6.89
3.9100,0.751,0.0,-9.86,4.34,0.58,10.56,12.40,10.76,96.94,94.42,94.42,3.14,7.12
3.9265,0.754,0.0,-10.47,4.47,0.72,11.15,13.21,11.37,96.87,94.37,94.37,3.30,7.23
3.9430,0.754,0.0,-7.65,3.86,0.07,8.41,9.31,8.54,97.28,94.72,94.72,2.56,6.56
3.9595,0.757,0.0,-9.47,4.25,0.49,10.19,11.77,10.36,97.04,94.49,94.49,2.94,6.94
3.9760,0.761,0.0,-9.53,4.26,0.51,10.23,12.00,10.42,96.85,94.33,94.33,3.10,7.09
3.9925,0.753,0.0,-7.78,3.88,0.10,8.54,9.46,8.67,97.31,94.75,94.75,2.56,6.58
4.0090,0.753,0.0,-8.35,4.00,0.23,9.09,10.37,9.24,97.13,94.58,94.58,2.78,6.81
4.0255,0.759,0.0,-7.50,3.81,0.03,8.25,9.21,8.39,97.19,94.65,94.65,2.63,6.64
4.0420,0.765,0.0,-8.31,3.99,0.22,9.04,10.38,9.20,97.01,94.47,94.47,2.84,6.86
4.0585,0.773,0.0,-8.47,4.03,0.26,9.20,10.57,9.36,96.97,94.43,94.43,2.84,6.86
4.0750,0.768,0.0,-10.80,4.55,0.80,11.48,13.63,11.70,96.92,94.43,94.43,3.35,7.27
4.0915,0.767,0.0,-5.72,3.42,-0.38,6.51,6.86,6.63,97.18,94.70,94.70,2.43,6.31
4.1080,0.757,0.0,-6.77,3.66,-0.14,7.55,8.08,7.67,97.52,94.97,94.97,2.40,6.35
4.1245,0.758,0.0,-5.20,3.30,-0.50,6.01,6.19,6.13,97.15,94.70,94.70,2.40,6.23
4.1410,0.756,0.0,-6.64,3.62,-0.17,7.42,8.01,7.54,97.30,94.77,94.77,2.46,6.42
4.1575,0.767,0.0,-8.41,4.01,0.24,9.14,10.47,9.30,96.98,94.44,94.44,2.83,6.85
4.1740,0.768,0.0,-7.82,3.88,0.11,8.56,9.70,8.71,97.07,94.53,94.53,2.73,6.75
4.1905,0.777,0.0,-8.24,3.98,0.21,8.97,10.23,9.13,96.99,94.45,94.45,2.77,6.79
4.2070,0.778,0.0,-9.76,4.31,0.56,10.46,12.30,10.65,96.90,94.38,94.38,3.15,7.12
4.2235,0.768,0.0,-7.51,3.82,0.03,8.27,9.08,8.40,97.34,94.78,94.78,2.51,6.50
4.2400,0.758,0.0,-9.97,4.36,0.61,10.67,12.57,10.87,96.90,94.39,94.39,3.19,7.15
4.2565,0.755,0.0,-9.88,4.34,0.59,10.57,12.52,10.77,96.76,94.26,94.26,3.24,7.20
4.2730,0.746,0.0,-8.38,4.01,0.24,9.11,10.40,9.27,96.96,94.42,94.42,2.79,6.81
4.2895,0.756,0.0,-6.93,3.69,-0.10,7.70,8.39,7.83,97.26,94.72,94.72,2.49,6.47
4.3060,0.749,0.0,-10.56,4.49,0.74,11.24,13.46,11.46,96.79,94.32,94.32,3.45,7.36
4.3225,0.746,0.0,-9.20,4.19,0.43,9.91,11.53,10.09,96.89,94.35,94.35,2.99,6.99
4.3390,0.739,0.0,-8.08,3.94,0.17,8.82,10.09,8.97,96.93,94.40,94.40,2.81,6.83
4.3555,0.749,0.0,-9.84,4.33,0.58,10.53,12.39,10.73,96.85,94.34,94.34,3.16,7.13
4.3720,0.757,0.0,-5.49,3.37,-0.44,6.29,6.42,6.41,97.48,94.99,94.99,2.34,6.17
4.3885,0.754,0.0,-11.09,4.61,0.86,11.76,14.02,12.00,96.95,94.48,94.48,3.44,7.33
4.4050,0.759,0.0,-10.13,4.40,0.64,10.82,12.77,11.03,96.89,94.38,94.38,3.21,7.17
4.4215,0.767,0.0,-9.70,4.30,0.54,10.40,12.21,10.59,96.87,94.35,94.35,3.12,7.10
4.4380,0.767,0.0,-9.47,4.25,0.49,10.18,11.88,10.36,96.95,94.42,94.42,3.05,7.04
4.4545,0.761,0.0,-5.48,3.36,-0.43,6.28,6.52,6.40,97.21,94.73,94.73,2.39,6.24
4.4710,0.771,0.0,-5.74,3.42,-0.38,6.54,6.81,6.65,97.29,94.79,94.79,2.38,6.24
4.4875,0.758,0.0,-8.75,4.09,0.32,9.48,10.82,9.64,97.07,94.52,94.52,2.80,6.82
4.5040,0.770,0.0,-6.69,3.63,-0.15,7.47,8.09,7.59,97.22,94.69,94.69,2.47,6.43
4.5205,0.767,0.0,-11.12,4.62,0.87,11.79,14.12,12.02,96.78,94.32,94.32,3.51,7.39
4.5370,0.765,0.0,-8.52,4.04,0.27,9.26,10.57,9.41,97.06,94.51,94.51,2.80,6.82
4.5535,0.759,0.0,-7.77,3.87,0.09,8.52,9.54,8.66,97.17,94.62,94.62,2.63,6.65
4.5700,0.766,0.0,-9.51,4.26,0.50,10.21,12.03,10.40,96.77,94.26,94.26,3.15,7.13
4.5865,0.772,0.0,-9.51,4.26,0.50,10.21,11.99,10.40,96.79,94.27,94.27,3.11,7.10
4.6030,0.759,0.0,-8.70,4.08,0.31,9.43,10.83,9.59,97.01,94.47,94.47,2.86,6.87
4.6195,0.762,0.0,-7.56,3.83,0.05,8.31,9.38,8.45,97.08,94.54,94.54,2.70,6.71
4.6360,0.752,0.0,-9.17,4.18,0.42,9.88,11.56,10.06,96.79,94.26,94.26,3.05,7.05
4.6525,0.767,0.0,-9.95,4.35,0.60,10.63,12.67,10.84,96.72,94.23,94.23,3.31,7.26
4.6690,0.775,0.0,-8.25,3.98,0.21,8.99,10.22,9.14,97.07,94.52,94.52,2.75,6.78
4.6855,0.768,0.0,-10.81,4.55,0.80,11.48,13.70,11.71,96.78,94.31,94.31,3.41,7.32
4.7020,0.770,0.0,-7.60,3.83,0.06,8.35,9.47,8.49,96.89,94.36,94.36,2.73,6.75
4.7185,0.771,0.0,-9.55,4.27,0.51,10.26,11.93,10.44,97.08,94.55,94.55,3.01,7.01
4.7350,0.780,0.0,-9.87,4.34,0.58,10.56,12.47,10.76,96.88,94.37,94.37,3.20,7.16
4.7515,0.772,0.0,-8.50,4.03,0.27,9.23,10.54,9.39,97.01,94.46,94.46,2.79,6.81
4.7680,0.771,0.0,-7.33,3.77,-0.01,8.09,9.02,8.22,97.12,94.58,94.58,2.62,6.63
4.7845,0.776,0.0,-6.05,3.49,-0.31,6.84,7.14,6.96,97.37,94.85,94.85,2.35,6.24
4.8010,0.785,0.0,-8.23,3.98,0.20,8.97,10.17,9.12,97.12,94.57,94.57,2.73,6.76
4.8175,0.788,0.0,-8.41,4.01,0.24,9.13,10.51,9.30,96.97,94.44,94.44,2.86,6.88
4.8340,0.774,0.0,-8.88,4.12,0.35,9.60,11.08,9.77,96.93,94.39,94.39,2.90,6.91
4.8505,0.775,0.0,-9.33,4.22,0.46,10.05,11.67,10.23,97.02,94.48,94.48,2.99,6.99
4.8670,0.773,0.0,-8.43,4.02,0.25,9.16,10.42,9.32,97.05,94.49,94.49,2.75,6.78
4.8835,0.776,0.0,-9.93,4.35,0.60,10.63,12.46,10.82,96.88,94.36,94.36,3.12,7.10
4.9000,0.776,0.0,-10.25,4.43,0.67,10.95,12.86,11.15,97.03,94.52,94.52,3.18,7.14
4.9165,0.782,0.0,-6.96,3.69,-0.09,7.72,8.49,7.85,97.17,94.64,94.64,2.54,6.53
4.9330,0.775,0.0,-6.78,3.65,-0.13,7.55,8.18,7.68,97.25,94.71,94.71,2.46,6.43
4.9495,0.778,0.0,-7.54,3.82,0.04,8.30,9.24,8.44,97.11,94.56,94.56,2.60,6.61
4.9660,0.785,0.0,-7.77,3.87,0.10,8.51,9.61,8.66,97.02,94.47,94.47,2.70,6.72
4.9825,0.789,0.0,-7.43,3.79,0.02,8.17,9.21,8.32,96.96,94.44,94.44,2.68,6.70
4.9990,0.800,0.0,-7.37,3.78,0.00,8.13,9.04,8.26,97.11,94.57,94.57,2.60,6.60
5.0155,0.806,0.0,-5.66,3.40,-0.39,6.45,6.84,6.58,97.14,94.66,94.66,2.45,6.35
5.0320,0.793,0.0,-8.83,4.11,0.34,9.55,11.00,9.72,97.00,94.45,94.45,2.88,6.90
5.0485,0.797,0.0,-7.67,3.85,0.07,8.41,9.48,8.56,97.03,94.49,94.49,2.68,6.70
5.0650,0.799,0.0,-8.19,3.96,0.19,8.92,10.15,9.08,97.07,94.52,94.52,2.76,6.78
5.0815,0.791,0.0,-6.10,3.51,-0.29,6.90,7.24,7.01,97.41,94.89,94.89,2.37,6.27
5.0980,0.791,0.0,-8.42,4.02,0.25,9.16,10.45,9.31,97.06,94.51,94.51,2.79,6.81
5.1145,0.785,0.0,-9.62,4.29,0.52,10.33,11.97,10.52,97.05,94.51,94.51,2.97,6.97
5.1310,0.782,0.0,-7.47,3.80,0.03,8.22,9.19,8.36,97.08,94.54,94.54,2.63,6.64
5.1475,0.778,0.0,-8.14,3.96,0.18,8.89,10.00,9.04,97.10,94.54,94.54,2.66,6.69
5.1640,0.782,0.0,-7.82,3.89,0.10,8.58,9.51,8.72,97.38,94.81,94.81,2.56,6.57
5.1805,0.774,0.0,-7.36,3.78,0.00,8.12,9.03,8.25,97.18,94.64,94.64,2.60,6.61
5.1970,0.775,0.0,-9.85,4.33,0.58,10.54,12.48,10.74,96.83,94.33,94.33,3.23,7.20
5.2135,0.781,0.0,-7.09,3.72,-0.06,7.84,8.74,7.98,97.02,94.49,94.49,2.62,6.62
5.2300,0.773,0.0,-8.00,3.93,0.15,8.74,9.84,8.89,97.24,94.68,94.68,2.68,6.70
5.2465,0.775,0.0,-9.71,4.30,0.55,10.41,12.30,10.61,96.75,94.24,94.24,3.20,7.17
5.2630,0.796,0.0,-8.91,4.12,0.36,9.62,11.23,9.80,96.80,94.28,94.28,3.02,7.02
5.2795,0.804,0.0,-6.86,3.67,-0.11,7.62,8.41,7.75,97.10,94.57,94.57,2.57,6.56
5.2960,0.802,0.0,-12.33,4.89,1.15,12.97,15.80,13.25,96.72,94.35,94.35,3.91,7.70
5.3125,0.802,0.0,-7.63,3.84,0.07,8.38,9.47,8.52,96.94,94.41,94.41,2.71,6.72
5.3290,0.789,0.0,-9.92,4.35,0.60,10.62,12.50,10.82,96.86,94.34,94.34,3.17,7.13
5.3455,0.781,0.0,-9.38,4.23,0.47,10.09,11.73,10.27,97.00,94.47,94.47,2.99,6.99
5.3620,0.780,0.0,-9.19,4.19,0.43,9.90,11.51,10.08,96.94,94.40,94.40,2.99,6.99
5.3785,0.790,0.0,-8.85,4.11,0.35,9.57,11.00,9.74,97.01,94.46,94.46,2.86,6.88
5.3950,0.790,0.0,-5.46,3.36,-0.44,6.26,6.45,6.38,97.35,94.87,94.87,2.37,6.21
5.4115,0.795,0.0,-10.13,4.39,0.65,10.80,12.95,11.02,96.59,94.12,94.12,3.40,7.33
5.4280,0.784,0.0,-7.61,3.84,0.06,8.36,9.36,8.50,97.13,94.58,94.58,2.64,6.66
5.4445,0.787,0.0,-6.83,3.67,-0.12,7.60,8.29,7.73,97.27,94.73,94.73,2.50,6.48
5.4610,0.793,0.0,-7.67,3.85,0.07,8.42,9.46,8.56,97.13,94.58,94.58,2.66,6.67
5.4775,0.792,0.0,-9.26,4.20,0.44,9.97,11.64,10.15,96.98,94.45,94.45,3.04,7.03
5.4940,0.802,0.0,-9.72,4.31,0.55,10.42,12.19,10.61,96.98,94.45,94.45,3.09,7.07
5.5105,0.804,0.0,-8.18,3.96,0.19,8.91,10.10,9.07,97.08,94.53,94.53,2.73,6.75
5.5270,0.799,0.0,-7.72,3.87,0.08,8.48,9.40,8.61,97.32,94.76,94.76,2.57,6.58
5.5435,0.797,0.0,-8.94,4.13,0.37,9.66,11.20,9.83,96.96,94.43,94.43,2.95,6.96
5.5600,0.788,0.0,-10.86,4.56,0.81,11.54,13.69,11.76,96.94,94.46,94.46,3.35,7.27
5.5765,0.787,0.0,-7.71,3.86,0.08,8.45,9.50,8.60,97.12,94.57,94.57,2.66,6.68
5.5930,0.787,0.0,-9.85,4.34,0.58,10.55,12.33,10.75,97.05,94.52,94.52,3.08,7.06
5.6095,0.798,0.0,-6.55,3.59,-0.18,7.31,8.12,7.44,96.87,94.38,94.38,2.62,6.60
5.6110,0.795,0.0,5.96,0.81,-2.98,5.53,-1.78,5.99,91.41,90.53,90.53,6.35,10.25
5.6125,0.795,0.0,20.88,3.00,-6.35,20.54,-16.43,21.09,87.42,90.21,90.21,8.28,12.09
5.6140,0.796,0.0,30.79,5.35,-8.54,30.65,-24.54,31.24,82.91,88.88,88.88,10.99,14.75
5.6155,0.800,0.0,44.82,8.65,-11.63,44.81,-38.35,45.65,78.25,91.05,91.05,12.80,16.46
5.6170,0.803,0.0,58.51,11.89,-14.56,58.64,-51.96,59.71,73.43,94.90,94.90,14.52,18.01
5.6185,0.803,0.0,68.59,14.33,-16.56,68.92,-61.04,70.07,68.34,96.81,96.81,16.50,19.99
5.6200,0.801,0.0,78.01,16.63,-18.28,78.58,-69.61,79.76,63.14,99.04,99.04,18.30,21.81
5.6215,0.795,0.0,78.68,16.85,-18.00,79.28,-71.48,80.46,61.43,99.29,99.29,17.43,21.01
5.6230,0.784,0.0,73.15,15.67,-16.33,73.90,-65.15,74.81,59.04,92.29,92.29,17.28,21.11
5.6245,0.767,0.0,69.14,14.84,-14.95,70.00,-60.74,70.71,56.68,86.91,86.91,17.06,21.13
5.6260,0.746,0.0,68.51,14.79,-14.22,69.47,-60.90,70.09,54.39,85.30,85.30,16.29,20.45
5.6275,0.724,0.0,68.09,14.80,-13.46,69.14,-61.30,69.67,51.93,83.81,83.81,15.55,19.78
5.6290,0.699,0.0,61.99,13.47,-11.68,63.19,-53.97,63.43,49.51,75.87,75.87,15.73,20.35
5.6305,0.671,0.0,59.59,13.01,-10.55,60.89,-51.64,60.99,47.13,72.10,72.10,15.34,20.13
5.6320,0.643,0.0,59.05,13.00,-9.70,60.45,-51.85,60.46,44.69,70.43,70.43,14.59,19.48
5.6335,0.618,0.0,55.12,12.17,-8.36,56.61,-47.34,56.45,42.15,64.65,64.65,14.55,19.69
5.6350,0.593,0.0,53.41,11.87,-7.33,54.98,-45.88,54.71,39.72,61.52,61.52,14.08,19.35
5.6365,0.571,0.0,54.04,12.16,-6.53,55.69,-47.65,55.39,37.08,61.08,61.08,13.13,18.41
5.6380,0.555,0.0,49.16,11.06,-5.22,50.86,-41.70,50.39,34.65,53.92,53.92,13.39,18.95
5.6395,0.543,0.0,48.01,10.90,-4.27,49.75,-40.94,49.23,32.05,51.21,51.21,12.86,18.50
5.6410,0.538,0.0,49.14,11.35,-3.40,50.94,-43.39,50.44,29.23,51.43,51.43,11.81,17.40
5.6425,0.538,0.0,45.93,10.65,-2.35,47.73,-39.62,47.14,26.74,45.96,45.96,11.80,17.62
5.6440,0.543,0.0,43.05,10.01,-1.41,44.84,-36.29,44.19,24.49,40.93,40.93,11.79,17.75
5.6455,0.556,0.0,40.38,9.43,-0.55,42.14,-33.21,41.46,22.40,36.08,36.08,11.79,17.87
5.6470,0.577,0.0,37.94,8.88,0.24,39.66,-30.40,38.96,20.50,31.40,31.40,11.82,17.97
5.6485,0.609,0.0,39.85,9.57,1.27,41.56,-33.89,40.99,17.55,32.94,32.94,10.47,16.62
5.6500,0.652,0.0,35.74,8.53,1.83,37.37,-28.53,36.75,16.88,25.72,25.72,11.13,17.40
5.6515,0.703,0.0,35.10,8.46,2.63,36.65,-28.21,36.10,15.21,24.51,24.51,10.67,17.01
5.6530,0.766,0.0,35.39,8.67,3.55,36.86,-29.26,36.44,13.17,25.35,25.35,9.91,16.31
5.6545,0.840,0.0,34.27,8.44,4.26,35.62,-28.16,35.29,11.99,24.33,24.33,9.70,16.16
5.6560,0.928,0.0,13.98,3.40,2.04,14.61,-9.77,14.39,78.04,79.03,79.03,5.56,0.00
5.6575,1.028,0.2,-11.77,4.93,-4.02,11.32,23.46,12.76,87.49,87.28,87.28,13.61,0.00
5.6590,1.168,0.2,-62.53,21.64,-18.49,61.89,89.00,66.17,108.84,131.68,131.68,31.82,0.00
5.6605,1.414,0.2,-29.12,10.73,-10.05,28.39,43.98,31.03,100.93,103.14,103.14,17.70,0.00
5.6620,1.748,0.0,-2.28,1.83,-1.83,1.84,8.23,2.93,89.47,87.99,87.99,6.95,0.00
5.6635,2.113,0.0,30.81,7.40,8.63,31.18,-23.54,31.68,79.30,88.48,88.48,10.56,23.74
5.6650,2.490,0.0,31.87,7.81,10.03,31.88,-25.64,32.82,76.64,88.00,88.00,9.56,22.32
5.6665,2.870,0.0,29.17,6.81,9.77,29.05,-21.55,29.95,76.03,86.04,86.04,10.68,23.56
5.6680,3.248,0.0,30.99,7.49,11.56,30.35,-24.74,31.88,75.31,88.03,88.03,9.38,21.90
5.6695,3.623,0.0,30.38,7.24,12.19,29.42,-23.91,31.23,74.89,88.03,88.03,9.50,22.00
5.6710,3.996,0.0,29.06,6.70,12.37,27.85,-21.95,29.82,74.63,87.47,87.47,9.99,22.53
5.6725,4.368,0.0,27.45,6.01,12.27,26.08,-19.37,28.10,74.25,86.39,86.39,10.84,23.55
5.6740,4.736,0.1,1.11,1.18,-0.78,1.71,3.17,1.62,77.49,76.49,76.49,4.91,0.00
5.6755,5.099,0.2,-3.39,2.86,-3.65,2.02,8.67,4.44,79.61,76.36,76.36,6.05,0.00
5.6770,5.456,0.3,-8.08,4.65,-6.95,5.65,14.44,9.33,80.96,75.37,75.37,7.35,0.00
5.6785,5.807,0.3,-10.75,5.75,-9.18,7.42,17.65,12.19,82.78,75.54,75.54,8.00,0.00
5.6800,6.151,0.3,-16.63,8.02,-13.92,11.43,24.67,18.46,85.28,74.95,74.95,9.42,0.00
5.6815,6.485,0.2,-25.21,11.28,-21.13,16.98,34.78,27.62,88.93,74.50,74.50,11.35,0.00
5.6830,6.808,0.0,-38.06,16.27,-32.44,24.63,50.49,41.39,92.87,73.91,73.91,14.87,0.00
5.6845,7.118,0.0,22.34,0.82,12.11,21.14,3.07,22.35,93.15,101.93,101.93,29.80,61.75
5.6860,7.429,0.0,24.09,1.22,13.90,22.31,3.16,24.12,95.97,106.61,106.61,31.82,65.49
5.6875,7.727,0.1,-111.41,39.75,-99.94,63.02,121.25,118.29,127.31,81.64,81.64,16.40,0.00
5.6890,7.978,0.2,-153.20,57.02,-143.61,76.35,175.58,163.46,120.40,113.19,113.19,28.75,0.00
5.6905,8.164,0.3,-150.48,59.03,-147.71,63.05,177.43,161.64,134.93,105.73,105.73,32.33,0.00
5.6920,8.238,0.3,-133.74,58.92,-139.11,40.14,168.54,146.14,156.12,92.67,92.67,39.70,0.00
5.6935,8.095,0.1,-65.39,47.84,-79.80,5.14,113.88,81.02,187.79,115.58,115.58,55.69,0.00
5.6950,7.528,0.1,749.27,165.87,725.37,219.16,-885.88,767.41,1147.77,1887.85,1887.85,136.42,0.00
5.6965,6.454,0.8,649.42,194.16,666.63,70.88,-769.42,677.82,104.13,773.84,773.84,103.49,0.00
5.6980,5.162,2.1,388.80,116.67,641.69,151.74,-474.67,405.92,77.56,736.56,736.56,76.69,0.00
5.6995,3.808,3.7,336.07,122.08,458.41,115.59,-411.01,357.56,322.87,789.11,789.11,57.62,0.00
5.7010,2.568,5.5,176.75,66.63,256.76,93.72,-225.02,188.89,311.42,575.08,575.08,38.33,0.00
5.7025,1.554,7.5,65.61,22.80,101.97,45.80,-96.28,69.46,245.62,350.03,350.03,27.96,0.00
5.7040,0.806,9.6,5.65,5.27,18.22,6.86,-23.88,7.72,144.17,162.56,162.56,21.56,0.00
5.7055,0.346,11.8,-22.85,20.33,-22.96,18.97,12.26,30.58,78.89,57.68,57.68,18.14,0.00
5.7070,0.178,14.0,-32.50,26.80,-33.09,27.40,26.10,42.13,38.23,20.87,20.87,16.68,0.00
5.7085,0.291,16.2,-27.65,129.20,-23.23,95.39,22.09,37.17,20.39,84.46,84.46,16.43,0.00
5.7100,0.661,18.5,-53.43,131.03,-56.42,81.93,51.02,53.83,15.69,108.28,108.28,17.34,0.00
5.7115,1.230,20.8,-102.97,130.85,-109.49,97.18,106.49,104.86,24.31,159.24,159.24,25.75,0.00
5.7130,1.931,23.0,-146.00,134.16,-152.45,119.21,154.46,151.24,23.78,205.06,205.06,24.95,0.00
5.7145,2.732,25.3,-180.91,139.21,-186.04,137.01,193.17,189.18,23.34,241.94,241.94,24.28,0.00
5.7160,3.611,27.5,-179.47,139.17,-183.72,136.41,191.88,187.70,22.98,239.85,239.85,23.73,0.00
5.7175,4.546,29.6,-166.31,137.24,-169.71,129.41,177.63,173.47,22.67,224.75,224.75,23.25,0.00
5.7190,5.519,31.8,-154.25,135.55,-156.59,122.44,164.50,160.44,22.39,210.37,210.37,22.82,0.00
5.7205,6.514,33.9,-143.40,134.12,-144.56,115.80,152.68,148.74,22.13,197.08,197.08,22.44,0.00
5.7220,7.516,35.9,-133.78,132.88,-133.74,109.58,142.21,138.41,21.90,185.03,185.03,22.10,0.00
5.7235,8.513,38.0,-245.73,83.16,-245.33,82.65,264.59,259.38,24.00,265.65,265.65,26.26,0.00
5.7250,9.588,40.0,-253.81,84.59,-254.96,79.53,271.08,267.48,24.36,272.20,272.20,27.02,0.00
5.7265,10.853,41.9,-264.94,85.88,-268.32,73.76,278.79,278.46,25.42,280.00,280.00,28.79,0.00
5.7280,12.347,43.9,-277.66,85.52,-283.93,62.68,284.03,290.49,28.77,285.34,285.34,33.18,0.00
5.7295,14.142,45.8,-278.83,76.46,-287.90,38.87,267.08,289.12,40.20,268.41,268.41,45.73,0.00
5.7310,16.362,47.9,-179.12,26.62,-184.84,20.66,117.30,180.62,77.63,118.64,118.64,83.40,0.00
5.7325,19.196,50.4,469.84,221.20,501.13,100.00,-631.47,513.79,141.77,639.52,639.52,144.28,0.00
5.7340,22.487,53.6,1196.66,357.74,1230.20,194.20,-1285.80,1247.66,855.98,2099.98,2099.98,49.63,0.00
5.7355,24.928,57.0,614.88,310.37,602.71,341.64,-572.64,632.31,821.29,1470.87,1470.87,62.54,0.00
5.7370,26.231,60.1,313.20,231.61,296.82,254.77,-292.64,322.10,610.95,945.72,945.72,30.91,0.00
5.7385,26.843,63.1,197.14,192.43,184.53,204.88,-197.58,204.28,406.42,629.14,629.14,15.88,0.00
5.7400,27.155,65.9,160.53,159.56,147.91,171.22,-167.60,167.27,314.90,498.45,498.45,17.50,0.00
5.7415,27.288,68.7,148.23,131.34,133.18,146.41,-156.67,154.80,272.65,437.81,437.81,18.77,0.00
5.7430,27.280,71.4,142.48,109.11,124.11,129.45,-151.04,148.91,247.32,401.07,401.07,19.40,0.00
5.7445,27.141,74.1,138.46,92.29,116.55,118.59,-147.05,144.76,227.77,373.18,373.18,19.83,0.00
5.7460,26.881,76.8,134.99,79.69,109.56,111.93,-143.74,141.18,210.86,349.58,349.58,20.18,0.00
5.7475,26.504,79.4,84.99,61.88,64.33,83.69,-82.38,88.11,180.35,264.54,264.54,12.12,0.00
5.7490,26.035,81.9,35.42,49.99,22.63,57.69,-21.19,35.82,153.83,186.44,186.44,16.64,0.00
5.7505,25.524,84.3,18.41,43.64,8.95,47.08,-0.61,18.36,133.79,149.62,149.62,20.05,0.00
5.7520,25.006,86.5,18.16,37.98,8.61,41.83,-0.88,18.13,116.62,130.80,130.80,19.59,0.00
5.7535,24.496,88.7,24.18,32.65,12.74,39.38,-8.83,24.33,102.50,120.05,120.05,17.74,0.00
5.7550,24.000,90.8,29.93,27.94,16.38,38.46,-16.31,30.37,91.27,112.12,112.12,16.17,0.00
5.7565,23.519,92.7,35.49,24.14,19.68,39.13,-23.49,36.25,82.38,106.75,106.75,14.80,0.00
5.7580,23.051,94.6,38.56,20.99,21.18,39.47,-27.49,39.52,75.39,101.30,101.30,14.08,0.00
5.7595,22.594,96.3,43.41,19.11,23.78,42.02,-33.74,44.66,70.17,99.66,99.66,13.10,0.00
5.7610,22.147,98.0,45.23,17.47,24.40,42.86,-36.16,46.61,65.93,96.22,96.22,12.73,0.00
5.7625,21.709,99.6,45.37,16.02,24.02,42.65,-36.46,46.78,62.61,92.08,92.08,12.63,0.00
5.7640,21.280,101.1,47.05,15.41,24.64,43.86,-38.72,48.57,59.74,90.15,90.15,12.29,0.00
5.7655,20.859,102.5,48.63,14.10,25.39,44.64,-40.56,50.29,57.11,88.41,88.41,12.23,0.00
5.7670,20.446,103.8,36.09,9.89,18.63,33.08,-29.79,37.33,58.20,80.04,80.04,9.44,0.00
5.7685,20.037,105.0,21.71,5.77,10.99,20.00,-17.48,22.42,58.61,70.83,70.83,6.18,0.00
5.7700,19.631,106.2,11.38,2.80,5.55,10.60,-8.38,11.70,58.75,64.57,64.57,4.06,0.00
5.7715,19.227,107.3,4.00,0.74,1.72,3.85,-1.93,4.06,59.44,61.14,61.14,2.53,0.00
5.7730,18.827,108.4,-3.15,1.46,-2.07,2.62,5.14,3.47,59.83,57.91,57.91,2.11,0.00
5.7745,18.432,109.5,-7.94,2.85,-4.55,6.98,9.72,8.43,60.36,56.45,56.45,1.97,0.00
5.7760,18.042,110.5,-9.24,3.12,-5.11,8.25,10.32,9.75,60.79,56.38,56.38,1.37,0.00
5.7775,17.657,111.5,-12.95,4.30,-7.08,11.59,14.40,13.64,60.88,55.26,55.26,2.07,0.00
5.7790,17.278,112.5,-15.72,5.16,-8.52,14.11,17.35,16.54,61.30,54.98,54.98,2.52,0.00
5.7805,16.905,113.5,-14.81,4.78,-7.93,13.37,15.88,15.56,61.33,55.17,55.17,2.03,0.00
5.7820,16.539,114.5,-11.75,3.67,-6.15,10.71,11.75,12.31,61.45,56.12,56.12,1.30,0.00
5.7835,16.177,115.4,-17.73,5.74,-9.44,16.02,19.28,18.64,61.66,54.95,54.95,2.71,0.00
5.7850,15.821,116.3,-16.95,5.43,-8.94,15.36,18.10,17.80,61.79,55.20,55.20,2.38,0.00
5.7865,15.473,117.2,-14.62,4.61,-7.62,13.33,15.08,15.33,61.76,55.65,55.65,1.78,0.00
5.7880,15.130,118.1,-17.22,5.52,-9.03,15.65,18.44,18.09,61.76,55.19,55.19,2.46,0.00
5.7895,14.793,118.9,-14.50,4.58,-7.51,13.23,15.04,15.20,61.56,55.56,55.56,1.79,0.00
5.7910,14.461,119.8,-13.97,4.41,-7.20,12.77,14.43,14.65,61.71,55.88,55.88,1.70,0.00
5.7925,14.134,120.6,-16.64,5.37,-8.65,15.16,17.99,17.49,61.63,55.31,55.31,2.47,0.00
5.7940,13.813,121.4,-16.55,5.31,-8.55,15.10,17.74,17.38,61.98,55.68,55.68,2.37,0.00
5.7955,13.498,122.2,-14.78,4.69,-7.56,13.54,15.48,15.51,61.93,56.00,56.00,1.90,0.00
5.7970,13.189,122.9,-14.99,4.77,-7.66,13.74,15.81,15.74,61.93,55.99,55.99,1.98,0.00
5.7985,12.886,123.7,-14.09,4.47,-7.16,12.94,14.75,14.78,61.82,56.13,56.13,1.80,0.00
5.8000,12.587,124.4,-13.60,4.32,-6.89,12.50,14.25,14.27,61.77,56.24,56.24,1.72,0.00
5.8015,12.294,125.1,-12.28,3.86,-6.16,11.33,12.55,12.87,61.97,56.81,56.81,1.44,0.00
5.8030,12.005,125.8,-13.20,4.19,-6.63,12.16,13.79,13.85,62.02,56.65,56.65,1.65,0.00
5.8045,11.722,126.4,-11.61,3.67,-5.80,10.73,11.95,12.18,61.65,56.75,56.75,1.35,0.00
5.8060,11.442,127.1,-10.49,3.27,-5.17,9.74,10.46,10.99,62.05,57.51,57.51,1.18,0.00
5.8075,11.167,127.7,-11.90,3.80,-5.92,11.00,12.48,12.49,61.77,56.85,56.85,1.47,0.00
5.8090,10.897,128.3,-12.51,4.01,-6.22,11.56,13.26,13.13,61.92,56.87,56.87,1.64,0.00
5.8105,10.631,128.9,-13.01,4.19,-6.47,12.02,13.98,13.67,61.78,56.65,56.65,1.83,0.00
5.8120,10.370,129.5,-12.51,4.02,-6.18,11.58,13.34,13.14,61.96,56.97,56.97,1.69,0.00
5.8135,10.113,130.0,-15.81,5.17,-7.87,14.58,17.62,16.63,62.10,56.51,56.51,2.76,0.00
5.8150,9.862,130.6,-13.38,4.31,-6.57,12.40,14.43,14.06,62.11,56.98,56.98,1.93,0.00
5.8165,9.616,131.1,-11.15,3.55,-5.41,10.38,11.65,11.70,61.98,57.43,57.43,1.36,0.00
5.8180,9.374,131.5,-12.00,3.88,-5.86,11.14,12.94,12.61,61.85,57.12,57.12,1.69,0.00
5.8195,9.135,132.0,-9.23,2.90,-4.42,8.64,9.32,9.68,62.08,58.16,58.16,1.01,0.00
5.8210,8.901,132.5,-10.19,3.26,-4.90,9.51,10.68,10.70,61.92,57.73,57.73,1.23,0.00
5.8225,8.670,132.9,-7.58,2.36,-3.57,7.14,7.37,7.94,61.83,58.52,58.52,0.84,0.00
5.8240,8.443,133.3,-11.70,3.83,-5.66,10.89,12.90,12.31,61.79,57.26,57.26,1.85,0.00
5.8255,8.219,133.7,-10.87,3.51,-5.20,10.15,11.69,11.42,62.19,57.89,57.89,1.49,0.00
5.8270,7.999,134.0,-8.67,2.76,-4.09,8.14,8.92,9.09,61.97,58.34,58.34,0.95,0.00
5.8285,7.783,134.4,-11.16,3.64,-5.32,10.43,12.22,11.74,62.02,57.70,57.70,1.69,0.00
5.8300,7.570,134.7,-8.37,2.67,-3.92,7.87,8.62,8.78,62.01,58.51,58.51,0.91,0.00
5.8315,7.361,135.0,-9.03,2.90,-4.23,8.49,9.50,9.48,62.15,58.47,58.47,1.07,0.00
5.8330,7.155,135.2,-10.30,3.34,-4.84,9.66,11.15,10.83,62.21,58.18,58.18,1.46,0.00
5.8345,6.953,135.5,-8.79,2.83,-4.09,8.27,9.29,9.23,62.01,58.44,58.44,1.06,0.00
5.8360,6.754,135.7,-8.88,2.86,-4.12,8.36,9.42,9.33,62.17,58.59,58.59,1.10,0.00
5.8375,6.559,135.9,-9.27,3.01,-4.30,8.72,10.02,9.75,62.04,58.37,58.37,1.27,0.00
5.8390,6.366,136.1,-8.44,2.72,-3.89,7.97,8.96,8.87,62.12,58.71,58.71,1.03,0.00
5.8405,6.177,136.3,-9.08,2.94,-4.18,8.56,9.80,9.54,62.18,58.61,58.61,1.24,0.00
5.8420,5.991,136.4,-9.48,3.07,-4.34,8.94,10.27,9.96,62.37,58.71,58.71,1.34,0.00
5.8435,5.809,136.6,-7.80,2.51,-3.54,7.39,8.24,8.20,61.98,58.83,58.83,0.91,0.00
5.8450,5.630,136.7,-85.13,29.17,-40.19,79.10,107.99,89.99,73.30,112.51,112.51,28.74,0.00
5.8465,5.471,136.7,1.30,0.75,0.90,0.97,-4.23,1.50,61.00,61.99,61.99,3.49,0.00
5.8480,5.308,136.8,-1.87,0.53,-0.77,1.86,0.98,1.95,60.36,59.54,59.54,1.13,0.00
5.8495,5.140,136.8,10.46,4.19,5.44,9.34,-17.77,11.27,67.55,74.85,74.85,8.64,0.00
5.8510,4.997,136.8,0.40,0.29,0.33,0.24,-2.15,0.49,60.21,60.55,60.55,2.13,0.00
5.8525,4.840,136.8,-1.23,0.40,-0.54,1.23,0.67,1.30,60.63,60.06,60.06,0.77,0.00
5.8540,4.679,136.8,-83.11,28.53,-38.36,77.61,106.32,87.87,73.82,111.95,111.95,28.99,0.00
5.8555,4.538,136.7,2.94,1.19,1.53,2.59,-5.62,3.17,60.78,62.56,62.56,3.25,0.00
5.8570,4.391,136.7,-4.30,1.45,-1.93,4.10,4.61,4.54,60.81,58.96,58.96,0.40,0.00
5.8585,4.252,136.6,9.05,3.41,4.42,8.24,-14.29,9.67,62.40,68.29,68.29,6.30,0.00
5.8600,4.118,136.4,2.19,0.76,1.02,1.99,-3.64,2.32,59.83,60.98,60.98,1.87,0.00
5.8615,3.973,136.3,-2.54,0.93,-1.19,2.41,2.87,2.70,60.97,59.80,59.80,0.29,0.00
5.8630,3.836,136.1,11.69,4.27,5.51,10.76,-17.45,12.44,62.67,70.34,70.34,6.97,0.00
5.8645,3.706,136.0,0.66,0.22,0.30,0.56,-1.56,0.69,60.35,60.67,60.67,1.20,0.00
5.8660,3.566,135.8,-81.91,28.07,-36.52,77.06,105.31,86.59,74.40,112.12,112.12,29.14,0.00
5.8675,3.444,135.5,8.02,2.88,3.70,7.42,-11.93,8.52,60.63,65.48,65.48,4.80,0.00
5.8690,3.316,135.3,0.62,0.17,0.24,0.56,-1.25,0.65,60.31,60.57,60.57,0.91,0.00
5.8705,3.181,135.0,14.37,5.36,6.73,13.24,-22.05,15.33,67.14,76.88,76.88,9.18,0.00
5.8720,3.070,134.7,4.22,1.47,1.88,3.91,-6.34,4.46,59.98,62.24,62.24,2.69,0.00
5.8735,2.943,134.4,-1.36,0.55,-0.66,1.30,1.55,1.47,60.74,60.07,60.07,0.18,0.00
5.8750,2.823,134.0,10.04,3.66,4.57,9.31,-15.13,10.69,62.50,68.76,68.76,6.16,0.00
5.8765,2.710,133.7,-0.21,0.11,-0.11,0.23,-0.21,0.23,60.21,60.09,60.09,0.62,0.00
5.8780,2.586,133.3,0.11,0.05,-0.02,0.09,-0.32,0.12,61.00,60.98,60.98,0.47,0.00
5.8795,2.470,132.9,10.12,3.67,4.54,9.42,-15.18,10.76,62.53,68.77,68.77,6.13,0.00
5.8810,2.361,132.5,2.83,0.93,1.18,2.65,-4.16,2.98,60.14,61.51,61.51,1.76,0.00
5.8825,2.242,132.0,-80.99,27.62,-34.30,76.95,104.54,85.57,75.55,112.98,112.98,29.28,0.00
5.8840,2.140,131.5,5.74,2.05,2.52,5.35,-8.71,6.10,60.60,63.77,63.77,3.65,0.00
5.8855,2.031,131.0,1.36,0.40,0.52,1.27,-2.07,1.41,60.52,61.10,61.10,1.03,0.00
5.8870,1.916,130.5,14.91,5.49,6.62,13.92,-22.66,15.89,66.92,76.78,76.78,9.26,0.00
5.8885,1.825,130.0,3.38,1.13,1.40,3.17,-4.96,3.56,59.90,61.55,61.55,2.05,0.00
5.8900,1.717,129.4,-0.38,0.23,-0.23,0.37,0.41,0.44,60.93,60.69,60.69,0.25,0.00
5.8915,1.617,128.8,11.34,4.05,4.86,10.67,-16.67,12.04,62.29,69.22,69.22,6.46,0.00
5.8930,1.522,128.2,1.84,0.56,0.70,1.74,-2.64,1.92,60.11,60.90,60.90,1.14,0.00
5.8945,1.416,127.6,1.50,0.41,0.53,1.43,-1.98,1.55,61.13,61.71,61.71,0.82,0.00
5.8960,1.306,126.9,15.11,5.52,6.49,14.20,-22.81,16.09,66.99,76.80,76.80,9.20,0.00
5.8975,1.223,126.3,3.99,1.35,1.61,3.78,-5.79,4.21,60.09,62.03,62.03,2.30,0.00
5.8990,1.123,125.6,1.98,0.57,0.72,1.89,-2.61,2.06,60.74,61.54,61.54,0.99,0.00
5.9005,1.018,124.9,15.99,5.81,6.75,15.08,-23.96,17.01,66.82,77.23,77.23,9.53,0.00
5.9020,0.939,124.1,2.65,0.89,1.05,2.50,-4.01,2.79,60.17,61.39,61.39,1.75,0.00
5.9035,0.844,123.3,1.69,0.48,0.59,1.62,-2.23,1.76,60.81,61.47,61.47,0.87,0.00
5.9050,0.743,122.6,19.18,6.86,7.90,18.19,-28.04,20.37,66.54,79.39,79.39,10.63,0.00
5.9065,0.667,121.7,6.14,2.04,2.38,5.87,-8.41,6.47,59.90,62.94,62.94,2.91,0.00
5.9080,0.572,120.9,1.51,0.39,0.49,1.47,-1.85,1.56,60.97,61.51,61.51,0.68,0.00
5.9095,0.474,120.1,14.09,5.14,5.82,13.33,-21.43,15.00,66.85,75.66,75.66,8.75,0.00
5.9110,0.401,119.2,5.26,1.75,2.01,5.04,-7.27,5.54,59.92,62.44,62.44,2.58,0.00
5.9125,0.310,118.3,-2.37,0.90,-0.99,2.28,3.16,2.54,61.40,60.45,60.45,0.84,0.00
5.9140,0.216,117.4,-79.91,26.95,-30.44,77.20,103.69,84.33,77.92,115.21,115.21,29.52,0.00
5.9155,0.141,116.4,6.48,2.26,2.54,6.17,-9.53,6.86,60.72,64.04,64.04,3.74,0.00
5.9170,0.059,115.5,4.43,1.42,1.61,4.28,-5.88,4.66,60.45,62.41,62.41,1.94,0.00
5.9185,-0.030,114.5,19.33,6.88,7.61,18.47,-28.24,20.52,66.21,78.93,78.93,10.68,0.00
5.9200,-0.096,113.5,3.18,1.04,1.17,3.05,-4.51,3.34,60.21,61.59,61.59,1.73,0.00
5.9215,-0.178,112.4,-0.26,0.18,-0.17,0.25,0.38,0.31,61.36,61.18,61.18,0.22,0.00
5.9230,-0.252,111.4,10.31,3.63,3.97,9.87,-15.09,10.93,61.85,67.60,67.60,5.78,0.00
5.9245,-0.321,110.3,3.63,1.15,1.28,3.52,-4.83,3.81,60.21,61.74,61.74,1.63,0.00
5.9260,-0.403,109.2,1.00,0.20,0.25,0.99,-0.99,1.02,61.20,61.47,61.47,0.40,0.00
5.9275,-0.476,108.1,14.47,5.00,5.41,13.94,-20.44,15.31,61.79,70.33,70.33,7.26,0.00
5.9290,-0.544,106.9,4.71,1.50,1.64,4.58,-6.20,4.95,60.28,62.31,62.31,1.99,0.00
5.9305,-0.623,105.8,2.07,0.58,0.65,2.03,-2.52,2.15,61.37,62.10,62.10,0.79,0.00
5.9320,-0.705,104.6,17.06,6.06,6.44,16.39,-25.18,18.10,66.30,76.91,76.91,9.70,0.00
5.9335,-0.762,103.4,5.11,1.69,1.81,4.95,-7.06,5.38,60.17,62.46,62.46,2.48,0.00
5.9350,-0.835,102.1,2.77,0.82,0.89,2.71,-3.46,2.89,60.95,61.99,61.99,1.06,0.00
5.9365,-0.913,100.9,18.48,6.53,6.84,17.81,-27.05,19.60,66.07,77.72,77.72,10.26,0.00
5.9380,-0.966,99.6,4.28,1.39,1.47,4.16,-5.83,4.50,60.07,61.88,61.88,2.01,0.00
5.9395,-1.037,98.3,1.93,0.53,0.58,1.91,-2.28,2.01,61.06,61.71,61.71,0.68,0.00
5.9410,-1.114,97.0,17.63,6.23,6.43,17.03,-25.87,18.70,66.02,76.90,76.90,9.85,0.00
5.9425,-1.164,95.6,6.28,2.05,2.13,6.12,-8.43,6.61,59.93,62.73,62.73,2.75,0.00
5.9440,-1.233,94.3,1.80,0.50,0.53,1.77,-2.15,1.86,61.24,61.83,61.83,0.66,0.00
5.9455,-1.306,92.9,-78.99,26.33,-26.85,77.38,103.03,83.26,79.62,117.26,117.26,29.79,0.00
5.9470,-1.360,91.4,8.21,2.78,2.83,7.99,-11.52,8.67,60.37,64.35,64.35,4.07,0.00
5.9485,-1.421,90.0,4.63,1.45,1.48,4.55,-5.92,4.85,60.47,62.30,62.30,1.76,0.00
5.9500,-1.491,88.6,-79.02,26.29,-26.40,77.55,103.08,83.28,79.85,117.65,117.65,29.81,0.00
5.9515,-1.541,87.1,8.45,2.83,2.84,8.25,-11.67,8.91,60.05,64.08,64.08,3.99,0.00
5.9530,-1.601,85.6,5.00,1.55,1.56,4.93,-6.26,5.24,60.40,62.35,62.35,1.76,0.00
5.9545,-1.669,84.0,19.35,6.75,6.67,18.82,-28.04,20.50,65.56,77.50,77.50,10.40,0.00
5.9560,-1.712,82.5,6.22,2.01,1.99,6.11,-8.19,6.53,59.81,62.44,62.44,2.55,0.00
5.9575,-1.775,80.9,4.32,1.31,1.29,4.28,-5.23,4.52,60.84,62.42,62.42,1.37,0.00
5.9590,-1.842,79.3,20.13,6.99,6.80,19.62,-29.00,21.30,65.54,77.97,77.97,10.62,0.00
5.9605,-1.885,77.7,7.25,2.34,2.28,7.14,-9.51,7.62,59.75,62.87,62.87,2.91,0.00
5.9620,-1.946,76.1,4.27,1.28,1.25,4.24,-5.11,4.46,60.85,62.37,62.37,1.30,0.00
5.9635,-2.013,74.4,17.28,6.03,5.78,16.85,-25.26,18.30,65.71,75.85,75.85,9.52,0.00
5.9650,-2.054,72.7,7.63,2.47,2.36,7.53,-10.02,8.02,59.72,63.00,63.00,3.06,0.00
5.9665,-2.114,71.0,2.28,0.63,0.61,2.28,-2.54,2.37,61.16,61.85,61.85,0.62,0.00
5.9680,-2.179,69.3,20.05,6.94,6.55,19.61,-28.92,21.21,65.39,77.58,77.58,10.61,0.00
5.9695,-2.218,67.6,8.41,2.72,2.55,8.31,-10.99,8.84,59.49,63.14,63.14,3.30,0.00
5.9710,-2.277,65.8,2.82,0.81,0.76,2.82,-3.22,2.93,61.15,62.03,62.03,0.77,0.00
5.9725,-2.342,64.0,-78.45,25.88,-23.99,77.61,102.73,82.61,81.12,119.22,119.22,30.02,0.00
5.9740,-2.385,62.2,9.07,3.01,2.78,8.94,-12.41,9.56,59.99,64.12,64.12,4.12,0.00
5.9755,-2.438,60.4,5.04,1.57,1.44,5.01,-6.31,5.28,60.53,62.37,62.37,1.74,0.00
5.9770,-2.499,58.5,-78.54,25.85,-23.57,77.82,102.83,82.69,81.24,119.58,119.58,30.04,0.00
5.9785,-2.540,56.6,10.06,3.35,3.05,9.92,-13.84,10.60,60.04,64.72,64.72,4.64,0.00
5.9800,-2.590,54.7,3.34,1.00,0.91,3.33,-4.03,3.49,60.67,61.76,61.76,1.05,0.00
5.9815,-2.648,52.8,3.72,1.11,1.00,3.71,-4.44,3.88,61.43,62.64,62.64,1.12,0.00
5.9830,-2.709,50.8,-78.62,25.80,-22.99,78.06,102.93,82.74,81.75,120.23,120.23,30.07,0.00
5.9845,-2.749,48.9,9.55,3.18,2.83,9.44,-13.15,10.07,59.98,64.31,64.31,4.41,0.00
5.9860,-2.798,46.9,4.40,1.36,1.20,4.39,-5.48,4.61,60.59,62.10,62.10,1.49,0.00
5.9875,-2.854,44.9,18.60,6.42,5.67,18.30,-27.13,19.67,65.08,75.83,75.83,10.15,0.00
5.9890,-2.884,42.8,7.81,2.51,2.19,7.77,-10.18,8.20,59.40,62.55,62.55,3.02,0.00
5.9905,-2.936,40.8,4.60,1.38,1.19,4.61,-5.44,4.80,60.81,62.31,62.31,1.30,0.00
5.9920,-2.994,38.7,17.40,5.99,5.20,17.15,-25.33,18.40,65.21,74.91,74.91,9.44,0.00
5.9935,-3.025,36.6,10.11,3.25,2.79,10.07,-13.18,10.62,59.31,63.64,63.64,3.89,0.00
5.9950,-3.076,34.4,0.53,0.06,0.04,0.57,-0.12,0.54,61.59,61.64,61.64,0.50,0.00
5.9965,-3.118,32.3,14.66,4.91,4.17,14.53,-20.41,15.46,60.78,68.27,68.27,6.96,0.00
5.9980,-3.157,30.1,6.46,2.02,1.70,6.47,-8.11,6.77,59.91,62.24,62.24,2.19,0.00
5.9995,-3.208,27.9,-78.23,25.51,-21.34,78.03,102.71,82.29,82.13,121.08,121.08,30.23,0.00
6.0010,-3.240,25.7,11.11,3.63,3.03,11.06,-14.91,11.69,59.42,64.37,64.37,4.69,0.00
6.0025,-3.283,23.5,3.61,1.07,0.88,3.63,-4.23,3.76,60.84,61.91,61.91,0.98,0.00
6.0040,-3.334,21.2,-78.08,25.42,-20.88,77.97,102.61,82.11,82.41,121.38,121.38,30.28,0.00
6.0055,-3.366,18.9,12.54,4.10,3.36,12.50,-16.87,13.20,59.39,65.17,65.17,5.32,0.00
6.0070,-3.407,16.6,5.33,1.62,1.30,5.36,-6.35,5.57,60.29,61.99,61.99,1.50,0.00
6.0085,-3.459,14.3,-77.90,25.32,-20.43,77.88,102.50,81.91,82.61,121.62,121.62,30.34,0.00
6.0100,-3.490,11.9,10.74,3.49,2.81,10.72,-14.36,11.29,59.52,64.12,64.12,4.47,0.00
6.0115,-3.533,9.5,4.49,1.36,1.07,4.53,-5.35,4.69,60.73,62.09,62.09,1.27,0.00
6.0130,-3.583,7.2,-78.02,25.31,-20.03,78.10,102.63,82.02,82.81,122.04,122.04,30.36,0.00
6.0145,-3.614,4.7,8.53,2.77,2.18,8.52,-11.43,8.96,59.76,63.11,63.11,3.59,0.00
6.0160,-3.655,2.3,-20.96,3.69,-1.07,21.12,18.45,21.23,61.98,63.50,63.50,2.59,0.00
6.0175,-3.716,0.0,22.86,3.91,2.24,24.06,-13.80,23.18,62.58,65.88,65.88,11.93,39.53
6.0190,-3.786,0.0,29.47,5.72,3.47,31.04,-17.50,30.01,59.24,64.13,64.13,15.72,45.78
6.0205,-3.861,0.0,32.38,6.45,3.91,34.06,-19.36,33.01,59.20,64.71,64.71,17.00,46.01
6.0220,-3.934,0.0,36.08,7.53,4.64,37.77,-23.73,36.85,58.91,66.77,66.77,16.39,44.37
6.0235,-4.007,0.0,36.32,7.51,4.55,38.06,-23.00,37.08,59.57,66.71,66.71,17.43,44.26
6.0250,-4.076,0.0,38.91,8.37,5.10,40.62,-26.91,39.80,59.09,68.61,68.61,16.09,41.96
6.0265,-4.143,0.0,37.82,8.01,4.76,39.55,-24.88,38.66,59.63,67.69,67.69,17.02,41.80
6.0280,-4.208,0.0,38.90,8.41,4.97,40.61,-26.73,39.80,59.25,68.44,68.44,16.21,40.06
6.0295,-4.273,0.0,38.78,8.45,4.92,40.46,-27.00,39.70,59.34,68.68,68.68,15.75,38.68
6.0310,-4.335,0.0,40.86,9.24,5.40,42.48,-31.03,41.89,58.50,70.57,70.57,13.75,35.84
6.0325,-4.398,0.0,38.29,8.48,4.79,39.91,-27.40,39.22,59.27,68.86,68.86,14.70,35.89
6.0340,-4.459,0.0,37.39,8.28,4.60,38.98,-26.66,38.29,59.36,68.48,68.48,14.45,34.80
6.0355,-4.518,0.0,35.69,7.82,4.21,37.27,-24.46,36.53,59.66,67.39,67.39,14.87,34.39
6.0370,-4.578,0.0,36.01,8.05,4.32,37.53,-26.02,36.89,59.33,68.09,68.09,13.52,32.32
6.0385,-4.636,0.0,34.16,7.55,3.94,35.67,-23.81,34.99,59.72,67.14,67.14,13.80,31.84
6.0400,-4.694,0.0,30.85,5.34,2.03,32.14,-18.93,31.30,62.55,66.08,66.08,15.57,32.92
6.0415,-4.752,0.0,27.40,4.50,1.50,28.57,-16.16,27.75,63.55,66.04,66.04,14.60,31.28
6.0430,-4.806,0.0,24.31,3.72,1.03,25.39,-13.39,24.58,63.82,65.33,65.33,14.06,30.09
6.0445,-4.859,0.0,22.20,3.23,0.74,23.19,-11.93,22.42,64.05,65.17,65.17,13.21,28.63
6.0460,-4.912,0.0,21.18,3.08,0.66,22.08,-12.02,21.40,64.27,65.59,65.59,11.97,26.81
6.0475,-4.964,0.0,17.71,2.13,0.08,18.58,-7.77,17.83,64.42,64.35,64.35,12.57,26.81
6.0490,-5.015,0.0,17.49,2.18,0.14,18.27,-8.85,17.62,64.65,65.06,65.06,11.16,24.89
6.0505,-5.066,0.0,16.35,1.96,0.01,17.06,-8.31,16.45,64.96,65.27,65.27,10.44,23.65
6.0520,-5.117,0.0,11.45,0.74,-0.53,12.08,-4.35,11.48,64.81,64.21,64.21,9.30,22.03
6.0535,-5.164,0.0,12.24,1.07,-0.31,12.77,-6.87,12.29,65.44,65.56,65.56,7.52,19.74
6.0550,-5.212,0.0,7.38,0.40,-1.17,7.91,0.57,7.39,65.39,63.84,63.84,9.89,21.64
6.0565,-5.259,0.0,8.40,0.03,-0.91,8.85,-2.14,8.40,65.80,64.82,64.82,8.09,19.46
6.0580,-5.306,0.0,7.75,0.13,-0.98,8.17,-1.70,7.76,65.93,64.89,64.89,7.82,18.76
6.0595,-5.353,0.0,6.76,0.39,-1.11,7.14,-0.80,6.77,66.21,65.02,65.02,7.64,18.19
6.0610,-5.398,0.0,7.22,0.23,-0.98,7.55,-2.23,7.22,66.45,65.55,65.55,6.64,16.80
6.0625,-5.443,0.0,6.82,0.33,-1.01,7.11,-2.18,6.83,66.65,65.75,65.75,6.24,16.03
6.0640,-5.487,0.0,5.97,0.51,-1.12,6.25,-1.17,5.99,66.64,65.56,65.56,6.33,15.77
6.0655,-5.532,0.0,4.01,1.04,-1.43,4.28,1.76,4.14,66.59,65.06,65.06,7.19,16.31
6.0670,-5.577,0.0,2.69,1.40,-1.60,2.93,3.25,3.03,66.91,65.20,65.20,7.28,16.08
6.0685,-5.619,0.0,3.81,1.02,-1.37,4.01,0.89,3.94,67.03,65.64,65.64,6.04,14.54
6.0700,-5.663,0.0,1.90,1.56,-1.66,2.10,3.68,2.45,67.06,65.33,65.33,6.84,15.04
6.0715,-5.705,0.0,2.58,1.28,-1.49,2.71,1.76,2.87,67.54,66.04,66.04,5.55,13.49
6.0730,-5.744,0.0,2.71,1.19,-1.43,2.81,1.13,2.96,67.60,66.18,66.18,5.05,12.71
6.0745,-5.782,0.0,2.66,1.19,-1.40,2.74,0.75,2.90,67.79,66.43,66.43,4.61,11.99
6.0760,-5.821,0.0,1.50,1.51,-1.56,1.58,2.37,2.11,67.83,66.26,66.26,4.97,12.15
6.0775,-5.861,0.0,-0.57,2.10,-1.86,0.52,5.52,2.17,67.78,65.94,65.94,5.96,12.92
6.0790,-5.899,0.0,0.21,1.84,-1.70,0.41,3.74,1.83,68.01,66.30,66.30,4.95,11.69
6.0805,-5.937,0.0,-0.63,2.07,-1.80,0.71,4.79,2.13,68.07,66.28,66.28,5.11,11.65
6.0820,-5.975,0.0,-1.04,2.16,-1.83,1.12,5.05,2.37,68.28,66.47,66.47,4.92,11.27
6.0835,-6.012,0.0,-0.81,2.02,-1.75,0.86,4.17,2.18,68.54,66.78,66.78,4.26,10.41
6.0850,-6.048,0.0,0.21,1.68,-1.57,0.14,2.16,1.69,68.68,67.12,67.12,3.40,9.26
6.0865,-6.085,0.0,-2.48,2.51,-1.95,2.58,6.44,3.51,68.58,66.68,66.68,4.75,10.56
6.0880,-6.120,0.0,-2.72,2.56,-1.96,2.83,6.58,3.71,68.60,66.70,66.70,4.64,10.29
6.0895,-6.157,0.0,-2.18,2.33,-1.84,2.30,5.15,3.19,69.02,67.18,67.18,3.75,9.23
6.0910,-6.191,0.0,-2.82,2.51,-1.91,2.96,5.96,3.77,69.08,67.19,67.19,3.86,9.21
6.0925,-6.225,0.0,-3.48,2.69,-1.99,3.63,6.87,4.40,69.06,67.13,67.13,4.07,9.29
6.0940,-6.259,0.0,-3.39,2.66,-1.95,3.57,6.45,4.30,69.24,67.32,67.32,3.74,8.82
6.0955,-6.293,0.0,-3.75,2.73,-1.97,3.93,6.74,4.64,69.37,67.43,67.43,3.64,8.60
6.0970,-6.327,0.0,-4.18,2.85,-2.02,4.37,7.34,5.06,69.37,67.42,67.42,3.77,8.63
6.0985,-6.362,0.0,-3.19,2.52,-1.85,3.42,5.28,4.07,69.76,67.88,67.88,2.80,7.46
6.1000,-6.395,0.0,-5.03,3.07,-2.08,5.27,8.06,5.89,69.79,67.79,67.79,3.57,8.21
6.1015,-6.425,0.0,-5.57,3.21,-2.14,5.79,8.90,6.43,69.67,67.68,67.68,3.85,8.40
6.1030,-6.457,0.0,-5.45,3.18,-2.10,5.69,8.55,6.30,69.75,67.76,67.76,3.62,8.07
6.1045,-6.489,0.0,-4.52,2.86,-1.95,4.78,6.69,5.34,70.10,68.13,68.13,2.76,7.07
6.1060,-6.521,0.0,-5.87,3.25,-2.11,6.14,8.76,6.72,70.13,68.11,68.11,3.37,7.65
6.1075,-6.551,0.0,-6.83,3.56,-2.23,7.10,10.32,7.69,70.03,68.03,68.03,3.95,8.14
6.1090,-6.582,0.0,-6.81,3.52,-2.20,7.09,10.04,7.66,70.20,68.19,68.19,3.66,7.79
6.1105,-6.610,0.0,-7.45,3.71,-2.26,7.76,10.80,8.32,70.44,68.42,68.42,3.74,7.79
6.1120,-6.635,0.0,-8.75,4.11,-2.43,9.07,12.72,9.66,70.62,68.64,68.64,4.34,8.30
6.1135,-6.652,0.0,-8.91,4.12,-2.41,9.25,12.56,9.82,70.81,68.81,68.81,3.98,7.88
6.1150,-6.662,0.0,-8.48,3.93,-2.29,8.84,11.39,9.34,71.00,68.95,68.95,3.19,7.07
6.1165,-6.665,0.0,-8.65,3.96,-2.29,9.03,11.46,9.52,71.10,69.05,69.05,3.08,6.90
6.1180,-6.662,0.0,-8.04,3.77,-2.20,8.43,10.33,8.88,71.21,69.12,69.12,2.57,6.36
6.1195,-6.655,0.0,-8.86,4.03,-2.29,9.25,11.70,9.72,71.16,69.12,69.12,3.10,6.83
6.1210,-6.644,0.0,-7.97,3.74,-2.17,8.37,10.18,8.80,71.28,69.19,69.19,2.49,6.19
6.1225,-6.631,0.0,-9.64,4.30,-2.40,10.03,13.18,10.55,71.17,69.19,69.19,3.82,7.44
6.1240,-6.614,0.0,-8.93,4.02,-2.25,9.34,11.54,9.79,71.54,69.48,69.48,2.84,6.46
6.1255,-6.591,0.0,-8.52,3.89,-2.18,8.94,10.66,9.36,71.70,69.60,69.60,2.38,5.97
6.1270,-6.564,0.0,-9.41,4.18,-2.31,9.82,12.30,10.29,71.55,69.51,69.51,3.12,6.66
6.1285,-6.532,0.0,-9.58,4.24,-2.33,9.99,12.71,10.47,71.47,69.45,69.45,3.37,6.88
6.1300,-6.500,0.0,-9.35,4.17,-2.29,9.77,12.34,10.24,71.56,69.52,69.52,3.22,6.71
6.1315,-6.465,0.0,-9.19,4.09,-2.23,9.62,11.84,10.06,71.78,69.72,69.72,2.87,6.35
6.1330,-6.427,0.0,-8.12,3.76,-2.10,8.55,10.13,8.95,71.81,69.70,69.70,2.29,5.74
6.1345,-6.390,0.0,-8.59,3.91,-2.15,9.01,10.97,9.43,71.79,69.72,69.72,2.64,6.07
6.1360,-6.351,0.0,-9.45,4.19,-2.26,9.87,12.45,10.34,71.87,69.83,69.83,3.24,6.64
6.1375,-6.311,0.0,-8.68,3.93,-2.14,9.10,11.11,9.53,71.92,69.84,69.84,2.69,6.09
6.1390,-6.271,0.0,-8.09,3.76,-2.07,8.51,10.16,8.91,72.03,69.93,69.93,2.37,5.73
6.1405,-6.233,0.0,-8.94,4.01,-2.15,9.37,11.51,9.80,72.14,70.08,70.08,2.82,6.18
6.1420,-6.191,0.0,-7.54,3.59,-1.99,7.98,9.23,8.35,72.21,70.10,70.10,2.05,5.35
6.1435,-6.153,0.0,-7.79,3.69,-2.01,8.23,9.65,8.60,72.32,70.20,70.20,2.20,5.51
6.1450,-6.115,0.0,-8.47,3.90,-2.08,8.92,10.75,9.31,72.35,70.26,70.26,2.55,5.87
6.1465,-6.075,0.0,-7.97,3.76,-2.01,8.44,9.72,8.78,72.63,70.49,70.49,2.07,5.36
6.1480,-6.035,0.0,-8.12,3.81,-2.02,8.58,10.16,8.95,72.48,70.37,70.37,2.35,5.64
6.1495,-5.997,0.0,-8.92,3.99,-2.10,9.36,11.36,9.77,72.61,70.53,70.53,2.70,5.99
6.1510,-5.957,0.0,-7.85,3.67,-1.98,8.30,9.57,8.67,72.77,70.64,70.64,2.05,5.31
6.1525,-5.918,0.0,-7.96,3.71,-1.98,8.41,9.78,8.78,72.82,70.69,70.69,2.15,5.41
6.1540,-5.880,0.0,-8.01,3.72,-1.98,8.46,9.90,8.83,72.85,70.73,70.73,2.21,5.47
6.1555,-5.842,0.0,-8.65,3.91,-2.04,9.11,10.90,9.50,72.92,70.82,70.82,2.52,5.80
6.1570,-5.804,0.0,-8.75,3.95,-2.05,9.20,11.19,9.60,72.83,70.75,70.75,2.71,5.98
6.1585,-5.768,0.0,-7.71,3.64,-1.93,8.16,9.42,8.52,73.09,70.95,70.95,2.07,5.31
6.1600,-5.733,0.0,-7.61,3.61,-1.92,8.06,9.30,8.42,73.13,71.00,71.00,2.07,5.29
6.1615,-5.699,0.0,-8.44,3.86,-1.99,8.89,10.65,9.28,73.15,71.04,71.04,2.50,5.77
6.1630,-5.666,0.0,-7.63,3.62,-1.91,8.09,9.30,8.44,73.33,71.19,71.19,2.04,5.27
6.1645,-5.634,0.0,-7.75,3.65,-1.91,8.21,9.41,8.57,73.47,71.33,71.33,2.03,5.26
6.1660,-5.601,0.0,-6.79,3.36,-1.81,7.25,7.88,7.57,73.59,71.45,71.45,1.68,4.74
6.1675,-5.571,0.0,-8.35,3.84,-1.96,8.81,10.52,9.19,73.44,71.32,71.32,2.46,5.74
6.1690,-5.541,0.0,-8.18,3.78,-1.93,8.65,10.13,9.01,73.63,71.49,71.49,2.27,5.54
6.1705,-5.511,0.0,-7.82,3.68,-1.90,8.29,9.61,8.64,73.67,71.52,71.52,2.15,5.40
6.1720,-5.483,0.0,-8.88,4.00,-1.99,9.34,11.40,9.73,73.61,71.51,71.51,2.80,6.09
6.1735,-5.456,0.0,-7.90,3.70,-1.89,8.37,9.65,8.72,73.92,71.77,71.77,2.11,5.38
6.1750,-5.428,0.0,-8.05,3.75,-1.90,8.53,9.90,8.88,73.97,71.82,71.82,2.18,5.46
6.1765,-5.400,0.0,-9.14,4.07,-1.99,9.61,11.72,10.00,73.85,71.76,71.76,2.85,6.15
6.1780,-5.373,0.0,-7.84,3.68,-1.86,8.33,9.47,8.66,74.20,72.04,72.04,2.00,5.27
6.1795,-5.344,0.0,-6.50,3.28,-1.74,6.98,7.36,7.27,74.32,72.17,72.17,1.61,4.62
6.1810,-5.319,0.0,-7.25,3.52,-1.82,7.72,8.77,8.06,74.19,72.03,72.03,1.98,5.22
6.1825,-5.296,0.0,-8.89,4.01,-1.95,9.36,11.49,9.76,74.11,72.01,72.01,2.89,6.21
6.1840,-5.274,0.0,-7.29,3.53,-1.81,7.77,8.75,8.10,74.48,72.31,72.31,1.92,5.17
6.1855,-5.251,0.0,-6.12,3.18,-1.70,6.60,6.90,6.90,74.61,72.48,72.48,1.62,4.59
6.1870,-5.231,0.0,-6.73,3.38,-1.76,7.21,7.90,7.53,74.65,72.49,72.49,1.77,4.94
6.1885,-5.212,0.0,-9.01,4.05,-1.93,9.49,11.68,9.88,74.43,72.32,72.32,2.95,6.31
6.1900,-5.192,0.0,-8.20,3.81,-1.86,8.68,10.30,9.04,74.59,72.44,72.44,2.44,5.80
6.1915,-5.174,0.0,-7.95,3.74,-1.83,8.44,9.83,8.78,74.77,72.60,72.60,2.24,5.60
6.1930,-5.155,0.0,-8.44,3.89,-1.87,8.93,10.77,9.29,74.63,72.50,72.50,2.64,6.03
6.1945,-5.138,0.0,-9.24,4.11,-1.92,9.73,11.92,10.11,74.78,72.67,72.67,2.96,6.34
6.1960,-5.119,0.0,-8.38,3.86,-1.85,8.87,10.53,9.22,74.89,72.74,72.74,2.48,5.88
6.1975,-5.101,0.0,-8.31,3.85,-1.84,8.81,10.44,9.16,74.99,72.82,72.82,2.46,5.87
6.1990,-5.083,0.0,-9.09,4.07,-1.89,9.57,11.76,9.95,74.89,72.77,72.77,2.97,6.39
6.2005,-5.066,0.0,-7.64,3.66,-1.79,8.13,9.50,8.47,75.05,72.88,72.88,2.27,5.67
6.2020,-5.050,0.0,-8.86,4.01,-1.86,9.36,11.29,9.72,75.24,73.09,73.09,2.73,6.17
6.2035,-5.032,0.0,-10.30,4.45,-1.98,10.80,13.74,11.22,75.05,73.00,73.00,3.71,7.12
6.2050,-5.012,0.0,-7.84,3.71,-1.77,8.35,9.60,8.67,75.44,73.25,73.25,2.15,5.59
6.2065,-4.993,0.0,-6.95,3.46,-1.72,7.45,8.26,7.76,75.55,73.36,73.36,1.87,5.21
6.2080,-4.976,0.0,-8.05,3.78,-1.79,8.55,10.15,8.89,75.42,73.25,73.25,2.46,5.94
6.2095,-4.960,0.0,-9.63,4.27,-1.91,10.12,12.84,10.53,75.28,73.19,73.19,3.51,6.96
6.2110,-4.943,0.0,-7.54,3.63,-1.74,8.04,9.23,8.37,75.73,73.53,73.53,2.13,5.58
6.2125,-4.925,0.0,-7.67,3.67,-1.74,8.17,9.36,8.49,75.86,73.66,73.66,2.12,5.59
6.2140,-4.907,0.0,-9.37,4.18,-1.86,9.87,12.30,10.25,75.54,73.42,73.42,3.23,6.72
6.2155,-4.889,0.0,-7.42,3.61,-1.72,7.92,9.17,8.25,75.79,73.61,73.61,2.20,5.68
6.2170,-4.873,0.0,-7.98,3.77,-1.76,8.47,10.13,8.82,75.81,73.64,73.64,2.54,6.07
6.2185,-4.858,0.0,-7.70,3.69,-1.73,8.20,9.53,8.53,76.11,73.91,73.91,2.25,5.77
6.2200,-4.841,0.0,-7.08,3.52,-1.70,7.58,8.73,7.90,75.99,73.81,73.81,2.16,5.65
6.2215,-4.828,0.0,-7.54,3.65,-1.72,8.03,9.47,8.37,76.11,73.92,73.92,2.37,5.91
6.2230,-4.815,0.0,-7.99,3.78,-1.74,8.49,10.18,8.83,76.10,73.92,73.92,2.59,6.15
6.2245,-4.802,0.0,-7.57,3.66,-1.71,8.08,9.38,8.41,76.35,74.15,74.15,2.25,5.80
6.2260,-4.787,0.0,-8.39,3.90,-1.75,8.90,10.70,9.25,76.30,74.11,74.11,2.66,6.26
6.2275,-4.772,0.0,-7.31,3.59,-1.69,7.82,9.05,8.14,76.38,74.18,74.18,2.22,5.78
6.2290,-4.759,0.0,-9.20,4.13,-1.78,9.71,12.03,10.08,76.35,74.20,74.20,3.16,6.75
6.2305,-4.744,0.0,-7.21,3.56,-1.67,7.71,8.95,8.04,76.49,74.29,74.29,2.24,5.80
6.2320,-4.731,0.0,-9.27,4.17,-1.79,9.77,12.37,10.16,76.29,74.17,74.17,3.44,7.02
6.2335,-4.718,0.0,-6.22,3.26,-1.60,6.74,7.10,7.02,77.05,74.86,74.86,1.73,5.04
6.2350,-4.702,0.0,-7.34,3.61,-1.67,7.85,9.19,8.17,76.64,74.44,74.44,2.33,5.94
6.2365,-4.690,0.0,-8.48,3.93,-1.72,9.00,10.99,9.35,76.69,74.51,74.51,2.87,6.52
6.2380,-4.675,0.0,-7.09,3.53,-1.64,7.61,8.70,7.92,76.94,74.73,74.73,2.14,5.73
6.2395,-4.661,0.0,-7.82,3.75,-1.68,8.34,9.93,8.67,76.86,74.66,74.66,2.52,6.18
6.2410,-4.647,0.0,-7.33,3.60,-1.65,7.85,9.07,8.16,77.08,74.86,74.86,2.24,5.87
6.2425,-4.633,0.0,-8.17,3.85,-1.69,8.68,10.63,9.03,76.82,74.64,74.64,2.85,6.52
6.2440,-4.622,0.0,-7.99,3.80,-1.67,8.51,10.32,8.85,76.98,74.79,74.79,2.73,6.41
6.2455,-4.610,0.0,-7.17,3.57,-1.63,7.68,8.96,8.00,77.16,74.95,74.95,2.30,5.95
6.2470,-4.598,0.0,-6.44,3.35,-1.59,6.95,7.73,7.25,77.38,75.18,75.18,1.98,5.51
6.2485,-4.586,0.0,-8.72,4.01,-1.69,9.24,11.40,9.60,77.16,74.98,74.98,3.04,6.73
6.2500,-4.573,0.0,-6.14,3.26,-1.56,6.66,7.19,6.94,77.58,75.39,75.39,1.86,5.31
6.2515,-4.561,0.0,-6.90,3.49,-1.60,7.42,8.47,7.73,77.53,75.31,75.31,2.14,5.77
6.2530,-4.548,0.0,-8.70,4.01,-1.67,9.23,11.44,9.58,77.29,75.10,75.10,3.10,6.80
6.2545,-4.536,0.0,-7.72,3.73,-1.62,8.25,9.75,8.56,77.57,75.34,75.34,2.48,6.18
6.2560,-4.523,0.0,-7.35,3.62,-1.60,7.87,9.21,8.19,77.59,75.37,75.37,2.36,6.05
6.2575,-4.510,0.0,-8.54,3.96,-1.64,9.08,10.95,9.41,77.74,75.52,75.52,2.77,6.50
6.2590,-4.495,0.0,-7.67,3.71,-1.60,8.21,9.67,8.52,77.71,75.48,75.48,2.45,6.16
6.2605,-4.480,0.0,-7.20,3.59,-1.59,7.73,9.07,8.04,77.70,75.48,75.48,2.38,6.07
6.2620,-4.469,0.0,-6.33,3.34,-1.55,6.85,7.66,7.15,77.98,75.78,75.78,2.03,5.62
6.2635,-4.458,0.0,-9.00,4.11,-1.65,9.53,11.94,9.89,77.74,75.56,75.56,3.30,7.01
6.2650,-4.446,0.0,-7.00,3.53,-1.57,7.53,8.67,7.83,78.05,75.82,75.82,2.24,5.91
6.2665,-4.435,0.0,-9.64,4.30,-1.67,10.19,12.94,10.56,77.85,75.69,75.69,3.63,7.32
6.2680,-4.422,0.0,-6.39,3.35,-1.53,6.93,7.58,7.21,78.39,76.16,76.16,1.93,5.48
6.2695,-4.408,0.0,-7.92,3.80,-1.59,8.45,10.31,8.78,77.89,75.68,75.68,2.82,6.56
6.2710,-4.397,0.0,-8.74,4.03,-1.61,9.29,11.34,9.62,78.24,76.02,76.02,2.97,6.71
6.2725,-4.383,0.0,-7.42,3.65,-1.55,7.97,9.23,8.26,78.39,76.14,76.14,2.31,6.04
6.2740,-4.368,0.0,-7.30,3.62,-1.55,7.85,9.09,8.15,78.40,76.16,76.16,2.30,6.03
6.2755,-4.352,0.0,-7.79,3.76,-1.56,8.33,9.99,8.65,78.28,76.04,76.04,2.64,6.39
6.2770,-4.338,0.0,-7.27,3.61,-1.54,7.81,9.13,8.12,78.45,76.21,76.21,2.38,6.11
6.2785,-4.324,0.0,-7.78,3.77,-1.56,8.32,10.05,8.64,78.37,76.14,76.14,2.72,6.48
6.2800,-4.311,0.0,-7.43,3.66,-1.54,7.98,9.30,8.28,78.73,76.48,76.48,2.37,6.12
6.2815,-4.295,0.0,-4.36,2.79,-1.45,4.89,4.68,5.17,78.99,76.90,76.90,1.88,4.99
6.2830,-4.282,0.0,-7.24,3.62,-1.53,7.77,9.23,8.08,78.62,76.39,76.39,2.51,6.26
6.2845,-4.270,0.0,-8.29,3.92,-1.56,8.83,10.86,9.16,78.61,76.39,76.39,2.98,6.75
6.2860,-4.257,0.0,-8.98,4.11,-1.56,9.53,11.83,9.87,78.70,76.49,76.49,3.22,6.98
6.2875,-4.242,0.0,-6.96,3.53,-1.51,7.51,8.66,7.80,78.93,76.68,76.68,2.27,6.01
6.2890,-4.228,0.0,-8.10,3.87,-1.54,8.64,10.68,8.97,78.62,76.40,76.40,3.00,6.79
6.2905,-4.217,0.0,-8.40,3.94,-1.53,8.95,10.90,9.27,78.98,76.74,76.74,2.91,6.70
6.2920,-4.201,0.0,-7.34,3.64,-1.50,7.90,9.25,8.19,79.07,76.82,76.82,2.42,6.21
6.2935,-4.186,0.0,-6.05,3.28,-1.48,6.60,7.28,6.88,79.22,77.00,77.00,2.03,5.66
6.2950,-4.171,0.0,-7.89,3.80,-1.51,8.45,10.14,8.76,79.14,76.89,76.89,2.69,6.51
6.2965,-4.155,0.0,-6.77,3.48,-1.48,7.33,8.33,7.61,79.36,77.11,77.11,2.19,5.94
6.2980,-4.139,0.0,-7.86,3.79,-1.50,8.42,10.07,8.72,79.27,77.02,77.02,2.67,6.50
6.2995,-4.123,0.0,-8.41,3.96,-1.51,8.97,11.06,9.29,79.15,76.92,76.92,3.06,6.88
6.3010,-4.107,0.0,-8.63,4.02,-1.51,9.19,11.38,9.52,79.24,77.01,77.01,3.15,6.97
6.3025,-4.092,0.0,-7.29,3.65,-1.48,7.84,9.39,8.15,79.32,77.08,77.08,2.61,6.44
6.3040,-4.078,0.0,-8.15,3.89,-1.49,8.70,10.78,9.02,79.27,77.04,77.04,3.07,6.90
6.3055,-4.064,0.0,-8.11,3.87,-1.48,8.68,10.49,8.98,79.60,77.34,77.34,2.81,6.67
6.3070,-4.046,0.0,-7.77,3.78,-1.47,8.33,9.99,8.63,79.55,77.29,77.29,2.69,6.55
6.3085,-4.029,0.0,-7.35,3.66,-1.47,7.90,9.43,8.20,79.59,77.34,77.34,2.60,6.46
6.3100,-4.013,0.0,-7.37,3.67,-1.46,7.93,9.39,8.22,79.75,77.49,77.49,2.54,6.41
6.3115,-3.996,0.0,-7.49,3.70,-1.46,8.05,9.65,8.35,79.70,77.44,77.44,2.66,6.54
6.3130,-3.979,0.0,-8.48,3.98,-1.47,9.04,11.23,9.36,79.62,77.39,77.39,3.17,7.03
6.3145,-3.963,0.0,-7.27,3.65,-1.45,7.83,9.44,8.13,79.72,77.47,77.47,2.70,6.58
6.3160,-3.948,0.0,-7.06,3.59,-1.45,7.61,9.12,7.91,79.83,77.58,77.58,2.62,6.49
6.3175,-3.934,0.0,-7.07,3.59,-1.44,7.63,8.97,7.92,80.12,77.86,77.86,2.47,6.34
6.3190,-3.918,0.0,-8.63,4.03,-1.45,9.20,11.55,9.52,79.80,77.57,77.57,3.33,7.20
6.3205,-3.903,0.0,-6.82,3.52,-1.43,7.39,8.54,7.67,80.25,77.99,77.99,2.34,6.21
6.3220,-3.885,0.0,-7.99,3.84,-1.43,8.57,10.28,8.86,80.22,77.94,77.94,2.75,6.67
6.3235,-3.865,0.0,-7.86,3.81,-1.43,8.43,10.28,8.73,80.01,77.75,77.75,2.89,6.81
6.3250,-3.847,0.0,-8.41,3.97,-1.43,8.97,11.24,9.30,79.94,77.70,77.70,3.27,7.16
6.3265,-3.832,0.0,-8.84,4.09,-1.43,9.40,11.95,9.73,79.98,77.77,77.77,3.53,7.41
6.3280,-3.816,0.0,-8.35,3.95,-1.42,8.93,11.02,9.24,80.29,78.03,78.03,3.10,7.02
6.3295,-3.798,0.0,-6.68,3.49,-1.41,7.25,8.37,7.53,80.55,78.28,78.28,2.34,6.23
6.3310,-3.780,0.0,-5.79,3.25,-1.41,6.35,7.17,6.63,80.51,78.28,78.28,2.20,6.01
6.3325,-3.765,0.0,-8.54,4.01,-1.41,9.11,11.49,9.43,80.29,78.05,78.05,3.38,7.29
6.3340,-3.750,0.0,-6.18,3.36,-1.40,6.75,7.70,7.03,80.77,78.52,78.52,2.26,6.12
6.3355,-3.734,0.0,-8.73,4.06,-1.39,9.32,11.50,9.63,80.67,78.41,78.41,3.18,7.11
6.3370,-3.715,0.0,-6.18,3.35,-1.39,6.75,7.59,7.02,80.86,78.61,78.61,2.19,6.03
6.3385,-3.696,0.0,-9.22,4.19,-1.38,9.80,12.34,10.12,80.53,78.31,78.31,3.52,7.42
6.3400,-3.676,0.0,-8.42,3.97,-1.38,9.00,11.06,9.30,80.69,78.43,78.43,3.08,7.03
6.3415,-3.656,0.0,-7.73,3.78,-1.38,8.30,10.06,8.60,80.76,78.49,78.49,2.83,6.80
6.3430,-3.636,0.0,-6.26,3.38,-1.38,6.83,7.85,7.11,80.96,78.70,78.70,2.32,6.22
6.3445,-3.618,0.0,-6.23,3.38,-1.39,6.79,7.95,7.08,80.90,78.66,78.66,2.43,6.34
6.3460,-3.601,0.0,-5.69,3.23,-1.39,6.25,7.07,6.53,81.11,78.88,78.88,2.23,6.07
6.3625,-3.419,0.0,-7.71,3.78,-1.32,8.30,9.99,8.58,81.57,79.28,79.28,2.80,6.80
6.3790,-3.220,0.0,-6.19,3.38,-1.31,6.78,7.70,7.05,82.26,79.98,79.98,2.29,6.22
6.3955,-3.014,0.0,-8.66,4.05,-1.20,9.27,11.50,9.55,82.57,80.28,80.28,3.30,7.30
6.4120,-2.819,0.0,-5.54,3.22,-1.27,6.14,6.79,6.40,83.19,80.93,80.93,2.21,6.07
6.4285,-2.611,0.0,-7.89,3.85,-1.13,8.51,10.24,8.77,83.61,81.29,81.29,2.89,6.92
6.4450,-2.399,0.0,-5.44,3.21,-1.22,6.05,6.75,6.30,84.03,81.76,81.76,2.29,6.16
6.4615,-2.207,0.0,-8.60,4.04,-1.01,9.22,11.43,9.49,84.23,81.92,81.92,3.34,7.33
6.4780,-1.998,0.0,-7.43,3.73,-1.04,8.07,9.56,8.31,84.92,82.57,82.57,2.75,6.77
6.4945,-1.786,0.0,-5.45,3.23,-1.15,6.09,6.70,6.33,85.55,83.25,83.25,2.28,6.13
6.5110,-1.594,0.0,-7.35,3.72,-0.98,8.01,9.33,8.23,85.83,83.46,83.46,2.63,6.65
6.5275,-1.395,0.0,-6.68,3.55,-1.00,7.34,8.39,7.55,86.24,83.88,83.88,2.49,6.48
6.5440,-1.194,0.0,-7.83,3.84,-0.87,8.50,9.98,8.71,86.61,84.22,84.22,2.77,6.79
6.5605,-0.998,0.0,-7.61,3.79,-0.86,8.28,9.68,8.49,86.91,84.52,84.52,2.72,6.74
6.5770,-0.814,0.0,-7.03,3.64,-0.88,7.70,8.91,7.90,87.26,84.87,84.87,2.62,6.63
6.5935,-0.642,0.0,-6.97,3.63,-0.86,7.65,8.78,7.85,87.63,85.24,85.24,2.57,6.57
6.6100,-0.453,0.0,-9.13,4.17,-0.60,9.82,11.88,10.03,87.73,85.35,85.35,3.25,7.23
6.6265,-0.267,0.0,-9.79,4.34,-0.50,10.47,12.88,10.70,87.84,85.50,85.50,3.56,7.48
6.6430,-0.077,0.0,-5.11,3.18,-1.00,5.80,6.16,6.00,88.63,86.31,86.31,2.29,6.10
6.6595,0.090,0.0,-7.88,3.87,-0.65,8.57,10.06,8.77,88.81,86.39,86.39,2.83,6.85
6.6760,0.260,0.0,-6.95,3.64,-0.74,7.65,8.68,7.83,89.22,86.80,86.80,2.54,6.54
6.6925,0.444,0.0,-8.22,3.95,-0.56,8.92,10.43,9.11,89.48,87.05,87.05,2.83,6.85
6.7090,0.613,0.0,-9.03,4.15,-0.43,9.72,11.58,9.92,89.54,87.13,87.13,3.10,7.09
6.7255,0.774,0.0,-7.09,3.68,-0.66,7.79,8.87,7.97,89.98,87.55,87.55,2.59,6.60
6.7420,0.930,0.0,-9.59,4.28,-0.29,10.31,12.17,10.50,90.19,87.75,87.75,3.08,7.06
6.7585,1.117,0.0,-7.18,3.70,-0.61,7.88,9.13,8.06,90.30,87.88,87.88,2.73,6.75
6.7750,1.274,0.0,-7.13,3.69,-0.59,7.83,9.06,8.01,90.39,87.97,87.97,2.73,6.74
6.7915,1.420,0.0,-6.19,3.47,-0.71,6.90,7.74,7.07,90.88,88.48,88.48,2.53,6.51
6.8080,1.572,0.0,-7.97,3.90,-0.43,8.68,10.14,8.86,91.02,88.57,88.57,2.86,6.88
6.8245,1.721,0.0,-7.23,3.71,-0.52,7.94,9.09,8.11,91.20,88.76,88.76,2.67,6.68
6.8410,1.871,0.0,-7.02,3.67,-0.54,7.73,8.90,7.91,91.32,88.89,88.89,2.71,6.73
6.8575,2.012,0.0,-6.14,3.46,-0.66,6.87,7.63,7.03,91.68,89.26,89.26,2.51,6.48
6.8740,2.162,0.0,-5.95,3.42,-0.68,6.68,7.38,6.84,91.90,89.50,89.50,2.50,6.46
6.8905,2.292,0.0,-4.91,3.17,-0.84,5.65,5.99,5.82,92.17,89.82,89.82,2.41,6.27
6.9070,2.425,0.0,-7.49,3.78,-0.40,8.21,9.43,8.37,92.23,89.77,89.77,2.74,6.76
6.9235,2.556,0.0,-7.91,3.88,-0.31,8.63,10.03,8.80,92.31,89.85,89.85,2.86,6.87
6.9400,2.700,0.0,-6.64,3.58,-0.51,7.36,8.38,7.53,92.44,90.01,90.01,2.67,6.68
6.9565,2.815,0.0,-10.44,4.47,0.16,11.15,13.33,11.35,92.44,90.03,90.03,3.37,7.27
6.9730,2.934,0.0,-7.97,3.90,-0.25,8.70,9.97,8.85,92.86,90.38,90.38,2.75,6.77
6.9895,3.061,0.0,-8.26,3.96,-0.19,8.97,10.50,9.14,92.81,90.35,90.35,2.94,6.95
7.0060,3.171,0.0,-6.65,3.59,-0.46,7.38,8.28,7.53,93.09,90.64,90.64,2.60,6.60
7.0225,3.282,0.0,-8.96,4.12,-0.03,9.68,11.38,9.85,93.04,90.58,90.58,3.04,7.03
7.0390,3.394,0.0,-7.10,3.69,-0.36,7.83,8.92,7.99,93.34,90.88,90.88,2.70,6.72
7.0555,3.510,0.0,-6.67,3.60,-0.43,7.41,8.26,7.56,93.65,91.19,91.19,2.57,6.57
7.0720,3.618,0.0,-9.93,4.35,0.20,10.64,12.67,10.83,93.43,90.99,90.99,3.29,7.21
7.0885,3.729,0.0,-8.57,4.04,-0.05,9.30,10.73,9.46,93.81,91.32,91.32,2.86,6.87
7.1050,3.841,0.0,-9.09,4.15,0.07,9.80,11.54,9.97,93.74,91.27,91.27,3.08,7.06
7.1215,3.932,0.0,-6.84,3.63,-0.35,7.57,8.61,7.73,93.85,91.40,91.40,2.70,6.72
7.1380,4.014,0.0,-9.29,4.20,0.13,10.00,11.72,10.18,93.95,91.48,91.48,3.05,7.02
7.1545,4.112,0.0,-6.24,3.50,-0.45,6.97,7.86,7.13,94.14,91.72,91.72,2.67,6.67
7.1710,4.200,0.0,-10.37,4.44,0.37,11.07,13.11,11.27,94.11,91.66,91.66,3.25,7.16
7.1875,4.290,0.0,-6.59,3.58,-0.37,7.33,8.24,7.47,94.37,91.92,91.92,2.65,6.66
7.2040,4.371,0.0,-8.14,3.94,-0.05,8.88,10.10,9.03,94.74,92.23,92.23,2.73,6.75
7.2205,4.441,0.0,-9.01,4.13,0.14,9.72,11.39,9.90,94.36,91.88,91.88,3.03,7.01
7.2370,4.523,0.0,-8.45,4.00,0.03,9.16,10.71,9.33,94.50,92.03,92.03,2.98,6.98
7.2535,4.602,0.0,-10.21,4.40,0.40,10.90,13.02,11.10,94.37,91.93,91.93,3.36,7.25
7.2700,4.682,0.0,-9.73,4.29,0.32,10.41,12.52,10.61,94.34,91.92,91.92,3.38,7.28
7.2865,4.746,0.0,-10.88,4.56,0.56,11.58,13.68,11.78,94.86,92.42,92.42,3.29,7.17
7.3030,4.821,0.0,-6.06,3.46,-0.43,6.81,7.43,6.96,95.29,92.84,92.84,2.53,6.51
7.3195,4.892,0.0,-3.78,2.95,-0.89,4.56,4.66,4.76,95.30,93.01,93.01,2.56,6.40
7.3360,4.960,0.0,-7.05,3.68,-0.21,7.79,8.79,7.93,95.17,92.69,92.69,2.69,6.71
7.3525,5.014,0.0,-9.51,4.24,0.32,10.21,12.04,10.40,94.93,92.46,92.46,3.14,7.09
7.3690,5.069,0.0,-9.16,4.16,0.25,9.88,11.44,10.05,95.24,92.74,92.74,2.93,6.92
7.3855,5.121,0.0,-10.43,4.45,0.53,11.12,13.26,11.32,95.04,92.60,92.60,3.37,7.24
7.4020,5.164,0.0,-9.25,4.18,0.28,9.96,11.68,10.14,95.29,92.81,92.81,3.07,7.04
7.4185,5.214,0.0,-10.54,4.47,0.57,11.23,13.38,11.43,95.15,92.71,92.71,3.37,7.24
7.4350,5.267,0.0,-4.67,3.15,-0.68,5.44,5.75,5.60,95.72,93.36,93.36,2.55,6.44
7.4515,5.301,0.0,-5.45,3.33,-0.52,6.23,6.66,6.36,95.98,93.55,93.55,2.52,6.46
7.4680,5.346,0.0,-7.93,3.89,0.02,8.66,9.86,8.82,95.80,93.30,93.30,2.76,6.78
7.4845,5.381,0.0,-7.32,3.75,-0.10,8.06,9.04,8.21,95.93,93.43,93.43,2.66,6.68
7.5010,5.418,0.0,-4.53,3.12,-0.70,5.31,5.54,5.47,96.03,93.67,93.67,2.53,6.42
7.5175,5.447,0.0,-8.15,3.94,0.09,8.88,10.05,9.03,96.01,93.49,93.49,2.72,6.74
7.5340,5.476,0.0,-9.98,4.34,0.50,10.67,12.61,10.87,95.62,93.16,93.16,3.22,7.13
7.5505,5.481,0.0,-9.10,4.15,0.31,9.81,11.37,9.98,95.86,93.36,93.36,2.95,6.93
7.5670,5.526,0.0,-7.22,3.73,-0.10,7.96,8.95,8.11,96.09,93.60,93.60,2.68,6.70
7.5835,5.541,0.0,-6.80,3.63,-0.19,7.54,8.53,7.69,96.02,93.55,93.55,2.73,6.74
7.6000,5.574,0.0,-6.38,3.54,-0.27,7.13,7.99,7.28,96.06,93.61,93.61,2.69,6.70
7.6165,5.604,0.0,-7.36,3.76,-0.06,8.11,9.06,8.24,96.25,93.74,93.74,2.64,6.66
7.6330,5.625,0.0,-7.88,3.87,0.07,8.61,9.91,8.76,95.98,93.49,93.49,2.86,6.87
7.6495,5.636,0.0,-8.77,4.07,0.27,9.48,10.99,9.66,96.17,93.67,93.67,2.94,6.93
7.6660,5.641,0.0,-8.27,3.96,0.15,9.00,10.21,9.15,96.36,93.84,93.84,2.75,6.77
7.6825,5.645,0.0,-9.86,4.32,0.52,10.56,12.32,10.75,96.18,93.68,93.68,3.06,7.01
7.6990,5.645,0.0,-9.49,4.24,0.44,10.20,11.86,10.38,96.29,93.78,93.78,3.01,6.98
7.7155,5.660,0.0,-10.18,4.38,0.60,10.86,12.90,11.07,95.94,93.49,93.49,3.29,7.19
7.7320,5.673,0.0,-9.21,4.17,0.38,9.92,11.52,10.10,96.35,93.84,93.84,2.99,6.97
7.7485,5.679,0.0,-10.33,4.41,0.65,11.01,13.17,11.22,95.93,93.49,93.49,3.41,7.27
7.7650,5.663,0.0,-8.54,4.02,0.24,9.27,10.63,9.43,96.50,93.98,93.98,2.85,6.86
7.7815,5.658,0.0,-6.66,3.60,-0.18,7.41,8.22,7.55,96.57,94.09,94.09,2.63,6.64
7.7980,5.661,0.0,-8.78,4.08,0.30,9.50,10.89,9.67,96.59,94.06,94.06,2.84,6.85
7.8145,5.671,0.0,-5.70,3.39,-0.39,6.46,7.12,6.60,96.46,94.03,94.03,2.64,6.62
7.8310,5.664,0.0,-9.29,4.19,0.42,10.00,11.65,10.18,96.47,93.97,93.97,3.02,6.99
7.8475,5.658,0.0,-8.08,3.92,0.15,8.80,10.15,8.96,96.52,94.02,94.02,2.88,6.89
7.8640,5.646,0.0,-7.37,3.76,-0.01,8.11,9.14,8.25,96.69,94.19,94.19,2.71,6.73
7.8805,5.622,0.0,-8.00,3.90,0.13,8.73,9.89,8.88,96.69,94.17,94.17,2.74,6.76
7.8970,5.612,0.0,-7.09,3.70,-0.07,7.84,8.71,7.97,96.87,94.36,94.36,2.62,6.64
7.9135,5.600,0.0,-6.95,3.66,-0.09,7.68,8.76,7.83,96.45,93.98,93.98,2.79,6.81
7.9300,5.578,0.0,-6.37,3.54,-0.23,7.13,7.87,7.27,96.80,94.33,94.33,2.62,6.62
7.9465,5.565,0.0,-10.19,4.39,0.65,10.88,12.76,11.08,96.66,94.17,94.17,3.16,7.08
7.9630,5.555,0.0,-7.12,3.71,-0.06,7.86,8.84,8.00,96.83,94.34,94.34,2.70,6.72
7.9795,5.532,0.0,-9.31,4.19,0.45,10.01,11.66,10.19,96.59,94.08,94.08,3.02,6.99
7.9960,5.514,0.0,-10.62,4.48,0.75,11.30,13.30,11.52,96.64,94.16,94.16,3.22,7.12
8.0125,5.488,0.0,-8.23,3.96,0.20,8.96,10.19,9.12,96.91,94.39,94.39,2.78,6.80
8.0290,5.468,0.0,-6.69,3.61,-0.15,7.45,8.18,7.58,97.03,94.53,94.53,2.58,6.58
8.0455,5.444,0.0,-6.12,3.48,-0.28,6.89,7.56,7.02,96.86,94.39,94.39,2.61,6.60
8.0620,5.428,0.0,-7.83,3.87,0.12,8.56,9.72,8.72,96.89,94.38,94.38,2.76,6.78
8.0785,5.395,0.0,-9.21,4.17,0.44,9.92,11.52,10.10,96.79,94.28,94.28,2.99,6.97
8.0950,5.366,0.0,-10.12,4.37,0.65,10.80,12.75,11.01,96.59,94.11,94.11,3.22,7.13
8.1115,5.333,0.0,-8.64,4.04,0.31,9.36,10.81,9.52,96.80,94.29,94.29,2.91,6.91
8.1280,5.313,0.0,-7.19,3.73,-0.03,7.94,8.84,8.07,97.10,94.59,94.59,2.63,6.65
8.1445,5.275,0.0,-6.87,3.66,-0.10,7.63,8.42,7.76,97.15,94.65,94.65,2.60,6.61
8.1610,5.246,0.0,-5.37,3.32,-0.45,6.14,6.67,6.28,97.11,94.68,94.68,2.61,6.57
8.1775,5.206,0.0,-9.18,4.17,0.44,9.89,11.37,10.07,96.93,94.41,94.41,2.88,6.88
8.1940,5.181,0.0,-12.26,4.85,1.16,12.90,15.48,13.17,96.57,94.20,94.20,3.66,7.39
8.2105,5.148,0.0,-9.41,4.22,0.49,10.12,11.66,10.29,97.03,94.50,94.50,2.92,6.90
8.2270,5.111,0.0,-11.20,4.61,0.92,11.86,14.11,12.10,96.63,94.19,94.19,3.42,7.25
8.2435,5.070,0.0,-8.36,3.98,0.25,9.09,10.34,9.24,97.00,94.47,94.47,2.77,6.79
8.2600,5.025,0.0,-8.87,4.10,0.37,9.59,11.04,9.75,96.92,94.40,94.40,2.89,6.90
8.2765,4.987,0.0,-9.43,4.22,0.51,10.13,11.90,10.31,96.68,94.19,94.19,3.12,7.08
8.2930,4.950,0.0,-8.62,4.04,0.32,9.34,10.74,9.51,96.97,94.45,94.45,2.88,6.89
8.3095,4.916,0.0,-9.60,4.26,0.55,10.30,12.01,10.49,96.88,94.37,94.37,3.05,7.02
8.3260,4.870,0.0,-8.22,3.95,0.22,8.95,10.19,9.10,97.08,94.55,94.55,2.79,6.81
8.3425,4.826,0.0,-8.67,4.05,0.33,9.39,10.79,9.55,97.09,94.57,94.57,2.88,6.88
8.3590,4.790,0.0,-7.97,3.89,0.17,8.69,9.97,8.84,96.92,94.41,94.41,2.84,6.86
8.3755,4.755,0.0,-6.73,3.63,-0.12,7.50,8.22,7.62,97.33,94.82,94.82,2.57,6.57
8.3920,4.728,0.0,-7.15,3.72,-0.02,7.89,8.91,8.03,97.02,94.52,94.52,2.72,6.74
8.4085,4.664,0.0,-9.99,4.34,0.65,10.67,12.61,10.87,96.77,94.29,94.29,3.22,7.15
8.4250,4.609,0.0,-8.64,4.05,0.33,9.36,10.78,9.52,97.13,94.60,94.60,2.89,6.90
8.4415,4.568,0.0,-6.77,3.63,-0.11,7.53,8.38,7.66,97.10,94.61,94.61,2.65,6.66
8.4580,4.517,0.0,-11.29,4.63,0.95,11.95,14.25,12.19,96.72,94.28,94.28,3.46,7.29
8.4745,4.476,0.0,-6.12,3.49,-0.26,6.89,7.50,7.03,97.28,94.80,94.80,2.56,6.54
8.4910,4.434,0.0,-7.67,3.84,0.10,8.41,9.47,8.56,97.23,94.70,94.70,2.69,6.72
8.5075,4.389,0.0,-8.54,4.03,0.31,9.26,10.66,9.42,97.06,94.54,94.54,2.89,6.90
8.5240,4.341,0.0,-10.25,4.41,0.71,10.94,12.83,11.14,97.06,94.56,94.56,3.15,7.09
8.5405,4.306,0.0,-5.24,3.30,-0.47,6.03,6.35,6.16,97.40,94.96,94.96,2.50,6.41
8.5570,4.255,0.0,-6.82,3.65,-0.10,7.57,8.42,7.71,97.19,94.69,94.69,2.64,6.65
8.5735,4.202,0.0,-6.47,3.57,-0.18,7.22,8.04,7.36,97.09,94.61,94.61,2.66,6.66
8.5900,4.150,0.0,-5.38,3.34,-0.43,6.17,6.61,6.30,97.22,94.78,94.78,2.55,6.49
8.6065,4.093,0.0,-8.08,3.93,0.20,8.81,10.01,8.96,97.17,94.64,94.64,2.76,6.78
8.6230,4.048,0.0,-7.38,3.77,0.03,8.13,9.12,8.26,97.22,94.70,94.70,2.68,6.70
8.6395,4.003,0.0,-10.60,4.48,0.79,11.28,13.39,11.50,96.85,94.38,94.38,3.33,7.22
8.6560,3.960,0.0,-7.77,3.86,0.13,8.51,9.66,8.66,97.20,94.68,94.68,2.76,6.78
8.6725,3.909,0.0,-9.76,4.30,0.59,10.46,12.19,10.65,97.07,94.55,94.55,3.05,7.02
8.6890,3.868,0.0,-10.03,4.36,0.66,10.71,12.61,10.91,96.91,94.41,94.41,3.18,7.12
8.7055,3.814,0.0,-8.29,3.97,0.25,9.01,10.34,9.18,97.04,94.52,94.52,2.84,6.86
8.7220,3.756,0.0,-6.52,3.58,-0.17,7.29,7.98,7.42,97.28,94.78,94.78,2.57,6.56
8.7385,3.711,0.0,-7.14,3.73,-0.02,7.90,8.80,8.03,97.25,94.73,94.73,2.64,6.66
8.7550,3.660,0.0,-8.76,4.08,0.36,9.48,10.94,9.65,97.17,94.64,94.64,2.91,6.91
8.7715,3.616,0.0,-8.60,4.04,0.32,9.31,10.82,9.48,96.98,94.47,94.47,2.97,6.97
8.7880,3.572,0.0,-9.44,4.23,0.52,10.14,11.83,10.32,97.09,94.58,94.58,3.05,7.02
8.8045,3.533,0.0,-8.60,4.04,0.32,9.31,10.76,9.48,97.07,94.55,94.55,2.92,6.93
8.8210,3.476,0.0,-10.22,4.40,0.70,10.91,12.86,11.12,96.94,94.44,94.44,3.21,7.14
8.8375,3.422,0.0,-8.51,4.03,0.30,9.24,10.53,9.40,97.17,94.63,94.63,2.79,6.81
8.8540,3.375,0.0,-7.87,3.88,0.15,8.61,9.77,8.75,97.12,94.59,94.59,2.75,6.78
8.8705,3.324,0.0,-8.93,4.12,0.39,9.66,11.02,9.82,97.31,94.76,94.76,2.81,6.82
8.8870,3.277,0.0,-4.22,3.08,-0.71,5.04,5.02,5.19,97.40,95.03,95.03,2.47,6.29
8.9035,3.235,0.0,-9.28,4.20,0.48,9.99,11.61,10.17,97.13,94.60,94.60,3.01,6.99
8.9200,3.194,0.0,-6.23,3.52,-0.24,7.00,7.66,7.13,97.24,94.76,94.76,2.57,6.54
8.9365,3.145,0.0,-9.31,4.20,0.49,10.01,11.67,10.19,97.03,94.51,94.51,3.03,7.01
8.9530,3.094,0.0,-6.59,3.60,-0.15,7.35,8.11,7.49,97.22,94.72,94.72,2.59,6.58
8.9695,3.040,0.0,-9.06,4.15,0.42,9.78,11.29,9.95,97.25,94.72,94.72,2.93,6.93
8.9860,3.001,0.0,-7.14,3.73,-0.03,7.90,8.73,8.03,97.44,94.91,94.91,2.59,6.59
9.0025,2.947,0.0,-5.69,3.41,-0.37,6.48,6.84,6.60,97.53,95.06,95.06,2.46,6.37
9.0190,2.911,0.0,-6.16,3.51,-0.26,6.94,7.51,7.07,97.34,94.85,94.85,2.52,6.48
9.0355,2.860,0.0,-10.02,4.36,0.65,10.71,12.60,10.90,97.06,94.56,94.56,3.18,7.13
9.0520,2.819,0.0,-7.58,3.82,0.08,8.32,9.44,8.47,97.14,94.62,94.62,2.75,6.77
9.0685,2.772,0.0,-12.05,4.81,1.13,12.70,15.24,12.96,96.89,94.48,94.48,3.64,7.43
9.0850,2.721,0.0,-6.93,3.68,-0.07,7.69,8.54,7.82,97.20,94.69,94.69,2.61,6.62
9.1015,2.687,0.0,-8.59,4.05,0.31,9.31,10.66,9.48,97.21,94.67,94.67,2.83,6.85
9.1180,2.649,0.0,-7.32,3.77,0.01,8.07,9.00,8.21,97.24,94.71,94.71,2.63,6.64
9.1345,2.602,0.0,-7.37,3.77,0.03,8.12,9.12,8.26,97.15,94.63,94.63,2.68,6.70
9.1510,2.565,0.0,-9.26,4.20,0.47,9.97,11.54,10.15,97.22,94.69,94.69,2.95,6.95
9.1675,2.509,0.0,-7.63,3.83,0.09,8.37,9.42,8.51,97.15,94.61,94.61,2.68,6.70
9.1840,2.463,0.0,-9.09,4.16,0.43,9.80,11.38,9.98,97.11,94.58,94.58,2.97,6.97
9.2005,2.408,0.0,-8.69,4.07,0.33,9.41,10.84,9.57,97.13,94.60,94.60,2.89,6.90
9.2170,2.376,0.0,-7.34,3.77,0.02,8.09,9.03,8.22,97.20,94.67,94.67,2.63,6.64
9.2335,2.331,0.0,-7.49,3.80,0.05,8.24,9.23,8.38,97.24,94.70,94.70,2.66,6.67
9.2500,2.295,0.0,-8.16,3.95,0.21,8.90,10.10,9.05,97.17,94.63,94.63,2.75,6.77
9.2665,2.245,0.0,-7.68,3.85,0.10,8.43,9.46,8.57,97.26,94.72,94.72,2.67,6.69
9.2830,2.196,0.0,-9.90,4.34,0.62,10.59,12.47,10.79,96.95,94.44,94.44,3.17,7.13
9.2995,2.154,0.0,-10.35,4.44,0.72,11.04,12.96,11.25,97.18,94.67,94.67,3.17,7.12
9.3160,2.112,0.0,-7.03,3.70,-0.06,7.78,8.63,7.92,97.21,94.69,94.69,2.60,6.61
9.3325,2.084,0.0,-7.43,3.79,0.04,8.18,9.19,8.32,97.16,94.63,94.63,2.68,6.69
9.3490,2.046,0.0,-9.07,4.15,0.42,9.77,11.46,9.95,96.90,94.38,94.38,3.07,7.06
9.3655,1.998,0.0,-7.06,3.71,-0.05,7.83,8.54,7.95,97.37,94.83,94.83,2.50,6.49
9.3820,1.963,0.0,-9.15,4.17,0.44,9.86,11.40,10.03,97.19,94.65,94.65,2.94,6.94
9.3985,1.927,0.0,-8.29,3.98,0.24,9.02,10.35,9.18,97.05,94.52,94.52,2.83,6.85
9.4150,1.876,0.0,-6.07,3.49,-0.28,6.85,7.34,6.98,97.34,94.85,94.85,2.48,6.42
9.4315,1.847,0.0,-6.10,3.50,-0.28,6.88,7.40,7.01,97.28,94.79,94.79,2.49,6.43
9.4480,1.818,0.0,-8.06,3.93,0.18,8.80,9.92,8.94,97.29,94.74,94.74,2.69,6.71
9.4645,1.782,0.0,-9.94,4.35,0.62,10.64,12.51,10.84,96.97,94.46,94.46,3.17,7.12
9.4810,1.734,0.0,-9.27,4.21,0.46,9.99,11.51,10.17,97.21,94.66,94.66,2.90,6.91
9.4975,1.695,0.0,-8.38,4.00,0.25,9.11,10.44,9.26,97.11,94.58,94.58,2.83,6.85
9.5140,1.660,0.0,-6.65,3.62,-0.15,7.42,8.13,7.55,97.26,94.74,94.74,2.55,6.53
9.5305,1.622,0.0,-8.85,4.11,0.36,9.57,10.97,9.74,97.15,94.61,94.61,2.84,6.86
9.5470,1.597,0.0,-8.21,3.97,0.21,8.95,10.07,9.10,97.31,94.75,94.75,2.67,6.70
9.5635,1.578,0.0,-5.65,3.40,-0.38,6.43,6.86,6.56,97.18,94.71,94.71,2.48,6.40
9.5800,1.545,0.0,-8.54,4.04,0.29,9.26,10.63,9.42,97.15,94.61,94.61,2.85,6.87
9.5965,1.519,0.0,-8.06,3.93,0.18,8.79,10.02,8.94,97.01,94.47,94.47,2.78,6.80
9.6130,1.482,0.0,-10.08,4.38,0.65,10.77,12.75,10.97,96.90,94.40,94.40,3.25,7.20
9.6295,1.431,0.0,-9.00,4.14,0.40,9.72,11.17,9.89,97.14,94.59,94.59,2.87,6.88
9.6460,1.401,0.0,-9.65,4.28,0.55,10.34,12.18,10.54,96.89,94.38,94.38,3.15,7.13
9.6625,1.379,0.0,-12.41,4.90,1.19,13.04,15.97,13.33,96.65,94.30,94.30,4.01,7.77
9.6790,1.356,0.0,-7.03,3.71,-0.06,7.79,8.63,7.93,97.23,94.70,94.70,2.59,6.59
9.6955,1.325,0.0,-10.06,4.38,0.64,10.76,12.65,10.95,97.08,94.56,94.56,3.18,7.14
9.7120,1.289,0.0,-6.17,3.51,-0.27,6.95,7.45,7.07,97.28,94.77,94.77,2.46,6.40
9.7285,1.262,0.0,-9.33,4.22,0.47,10.05,11.64,10.22,97.09,94.55,94.55,2.96,6.97
9.7450,1.232,0.0,-7.78,3.88,0.11,8.52,9.68,8.67,97.03,94.50,94.50,2.75,6.77
9.7615,1.195,0.0,-8.13,3.95,0.19,8.87,10.02,9.02,97.28,94.72,94.72,2.70,6.72
9.7780,1.173,0.0,-7.91,3.90,0.14,8.66,9.72,8.80,97.19,94.64,94.64,2.66,6.68
9.7945,1.155,0.0,-8.08,3.93,0.18,8.80,10.23,8.96,96.79,94.28,94.28,2.95,6.96
9.8110,1.121,0.0,-7.71,3.86,0.09,8.46,9.52,8.60,97.13,94.59,94.59,2.68,6.70
9.8275,1.079,0.0,-8.63,4.06,0.30,9.36,10.68,9.52,97.19,94.64,94.64,2.80,6.82
9.8440,1.051,0.0,-8.21,3.97,0.21,8.95,10.13,9.10,97.26,94.70,94.70,2.72,6.75
9.8605,1.021,0.0,-10.91,4.57,0.84,11.58,13.82,11.81,96.93,94.46,94.46,3.43,7.33
9.8770,1.007,0.0,-9.43,4.24,0.49,10.14,11.80,10.32,97.04,94.51,94.51,3.01,7.01
9.8935,0.979,0.0,-7.33,3.78,0.00,8.09,9.01,8.22,97.14,94.60,94.60,2.61,6.62
9.9100,0.959,0.0,-7.63,3.84,0.07,8.38,9.40,8.51,97.17,94.63,94.63,2.66,6.68
9.9265,0.928,0.0,-7.23,3.75,-0.02,7.99,8.83,8.12,97.23,94.68,94.68,2.56,6.55
9.9430,0.915,0.0,-8.82,4.10,0.35,9.53,11.14,9.70,96.86,94.34,94.34,3.03,7.03
9.9595,0.885,0.0,-7.10,3.72,-0.05,7.86,8.67,8.00,97.24,94.71,94.71,2.56,6.55
9.9760,0.865,0.0,-6.68,3.63,-0.15,7.46,8.03,7.58,97.35,94.82,94.82,2.44,6.40
9.9925,0.847,0.0,-6.80,3.66,-0.13,7.57,8.20,7.69,97.32,94.78,94.78,2.47,6.44
10.0090,0.834,0.0,-7.47,3.80,0.03,8.21,9.26,8.36,97.03,94.50,94.50,2.69,6.71
10.0255,0.821,0.0,-7.46,3.80,0.03,8.21,9.28,8.36,97.05,94.52,94.52,2.71,6.73
10.0420,0.783,0.0,-7.94,3.91,0.14,8.68,9.84,8.83,97.10,94.56,94.56,2.73,6.75
10.0585,0.755,0.0,-7.28,3.77,-0.01,8.04,8.90,8.17,97.23,94.68,94.68,2.57,6.57
10.0750,0.750,0.0,-8.83,4.11,0.35,9.55,11.05,9.72,96.95,94.42,94.42,2.92,6.94
10.0915,0.725,0.0,-8.82,4.11,0.34,9.55,10.93,9.71,97.17,94.62,94.62,2.82,6.84
10.1080,0.715,0.0,-8.17,3.96,0.19,8.90,10.16,9.05,97.01,94.47,94.47,2.78,6.81
10.1245,0.695,0.0,-7.08,3.73,-0.06,7.85,8.53,7.98,97.42,94.87,94.87,2.47,6.44
10.1410,0.683,0.0,-6.72,3.64,-0.14,7.49,8.24,7.62,97.05,94.54,94.54,2.55,6.53
10.1575,0.668,0.0,-10.43,4.47,0.72,11.12,13.08,11.33,97.03,94.51,94.51,3.20,7.15
10.1740,0.668,0.0,-7.87,3.89,0.12,8.61,9.74,8.75,97.04,94.49,94.49,2.71,6.73
10.1905,0.656,0.0,-6.67,3.63,-0.15,7.44,8.15,7.57,97.13,94.61,94.61,2.53,6.51
10.2070,0.631,0.0,-9.16,4.18,0.42,9.88,11.42,10.05,97.12,94.57,94.57,2.94,6.94
10.2235,0.628,0.0,-5.87,3.45,-0.34,6.66,6.99,6.78,97.31,94.81,94.81,2.39,6.28
10.2400,0.612,0.0,-8.96,4.14,0.37,9.69,11.10,9.85,97.10,94.55,94.55,2.84,6.85
10.2565,0.601,0.0,-8.48,4.03,0.26,9.22,10.52,9.37,97.14,94.59,94.59,2.79,6.81
10.2730,0.586,0.0,-6.57,3.61,-0.18,7.34,7.96,7.46,97.25,94.73,94.73,2.49,6.45
10.2895,0.565,0.0,-7.88,3.90,0.12,8.63,9.68,8.78,97.14,94.58,94.58,2.65,6.67
10.3060,0.548,0.0,-10.83,4.56,0.81,11.51,13.68,11.74,96.92,94.43,94.43,3.37,7.29
10.3225,0.537,0.0,-7.41,3.79,0.02,8.16,9.12,8.30,97.05,94.51,94.51,2.63,6.64
10.3390,0.527,0.0,-8.39,4.01,0.24,9.12,10.47,9.28,96.95,94.41,94.41,2.84,6.86
10.3555,0.506,0.0,-8.44,4.02,0.25,9.17,10.49,9.33,97.00,94.46,94.46,2.81,6.83
10.3720,0.494,0.0,-6.33,3.55,-0.23,7.10,7.71,7.23,97.10,94.59,94.59,2.50,6.45
10.3885,0.478,0.0,-6.21,3.53,-0.26,6.99,7.47,7.11,97.21,94.70,94.70,2.44,6.36
10.4050,0.469,0.0,-9.45,4.25,0.49,10.16,11.84,10.34,96.95,94.42,94.42,3.02,7.02
10.4215,0.459,0.0,-8.29,3.99,0.22,9.02,10.36,9.18,96.92,94.39,94.39,2.84,6.86
10.4380,0.450,0.0,-8.47,4.03,0.26,9.20,10.54,9.36,97.02,94.47,94.47,2.82,6.84
10.4545,0.446,0.0,-7.43,3.79,0.02,8.18,9.17,8.32,97.00,94.47,94.47,2.65,6.66
10.4710,0.425,0.0,-7.74,3.87,0.09,8.49,9.52,8.63,97.13,94.57,94.57,2.64,6.66
10.4875,0.420,0.0,-7.57,3.83,0.05,8.32,9.35,8.46,97.01,94.47,94.47,2.67,6.68
10.5040,0.409,0.0,-6.81,3.66,-0.13,7.58,8.28,7.70,97.15,94.62,94.62,2.51,6.48
10.5205,0.397,0.0,-10.64,4.52,0.76,11.33,13.40,11.55,96.95,94.45,94.45,3.28,7.22
10.5370,0.398,0.0,-8.01,3.92,0.15,8.75,9.99,8.90,96.95,94.41,94.41,2.79,6.81
10.5535,0.397,0.0,-7.47,3.81,0.03,8.22,9.25,8.36,97.07,94.53,94.53,2.68,6.69
10.5700,0.385,0.0,-8.11,3.95,0.17,8.85,10.02,9.00,97.08,94.53,94.53,2.71,6.73
10.5865,0.375,0.0,-5.84,3.44,-0.35,6.63,6.96,6.75,97.19,94.69,94.69,2.40,6.28
10.6030,0.364,0.0,-7.32,3.78,-0.01,8.08,8.92,8.22,97.18,94.63,94.63,2.55,6.55
10.6195,0.357,0.0,-7.50,3.81,0.03,8.25,9.19,8.39,97.06,94.51,94.51,2.59,6.60
10.6360,0.352,0.0,-6.06,3.49,-0.30,6.85,7.32,6.97,97.11,94.61,94.61,2.45,6.37
10.6525,0.343,0.0,-10.29,4.44,0.68,10.98,12.98,11.19,96.89,94.38,94.38,3.25,7.20
10.6690,0.348,0.0,-9.05,4.16,0.39,9.77,11.36,9.94,96.92,94.38,94.38,2.98,6.99
10.6855,0.340,0.0,-11.49,4.70,0.95,12.15,14.59,12.40,96.87,94.42,94.42,3.58,7.44
10.7020,0.326,0.0,-10.83,4.55,0.80,11.50,13.78,11.74,96.76,94.29,94.29,3.47,7.37
10.7185,0.321,0.0,-7.76,3.87,0.09,8.51,9.55,8.65,97.00,94.46,94.46,2.65,6.66
10.7350,0.319,0.0,-11.55,4.72,0.97,12.22,14.66,12.47,96.92,94.47,94.47,3.58,7.44
10.7515,0.318,0.0,-6.91,3.68,-0.10,7.67,8.52,7.80,97.03,94.51,94.51,2.60,6.59
10.7680,0.319,0.0,-5.70,3.41,-0.38,6.50,6.78,6.62,97.16,94.67,94.67,2.38,6.25
10.7845,0.315,0.0,-9.12,4.18,0.40,9.85,11.27,10.01,97.19,94.63,94.63,2.83,6.85
10.8010,0.329,0.0,-8.87,4.12,0.35,9.59,11.07,9.76,97.04,94.49,94.49,2.91,6.92
10.8175,0.328,0.0,-7.49,3.81,0.03,8.23,9.32,8.37,96.87,94.35,94.35,2.72,6.73
10.8340,0.322,0.0,-9.55,4.27,0.50,10.26,11.88,10.44,97.04,94.49,94.49,2.96,6.97
10.8505,0.303,0.0,-8.77,4.10,0.32,9.50,10.88,9.66,97.11,94.55,94.55,2.83,6.84
10.8670,0.309,0.0,-8.17,3.96,0.19,8.90,10.15,9.06,96.97,94.42,94.42,2.78,6.80
10.8835,0.319,0.0,-6.99,3.70,-0.09,7.75,8.55,7.89,97.06,94.53,94.53,2.56,6.54
10.9000,0.318,0.0,-7.93,3.91,0.13,8.67,9.72,8.82,97.13,94.57,94.57,2.64,6.65
10.9165,0.323,0.0,-5.48,3.36,-0.43,6.28,6.61,6.40,97.09,94.62,94.62,2.44,6.31
10.9330,0.316,0.0,-9.51,4.26,0.50,10.22,11.90,10.41,96.95,94.41,94.41,3.01,7.01
10.9495,0.306,0.0,-8.72,4.09,0.31,9.45,10.87,9.61,97.01,94.46,94.46,2.86,6.88
10.9660,0.310,0.0,-7.75,3.87,0.09,8.49,9.58,8.64,97.06,94.52,94.52,2.69,6.71
10.9825,0.318,0.0,-10.30,4.44,0.68,10.99,13.00,11.21,96.91,94.40,94.40,3.26,7.21
10.9990,0.322,0.0,-10.19,4.41,0.65,10.88,12.83,11.08,96.90,94.39,94.39,3.21,7.17
11.0155,0.323,0.0,-7.92,3.91,0.13,8.66,9.81,8.81,97.00,94.45,94.45,2.72,6.73
11.0320,0.308,0.0,-9.66,4.29,0.53,10.36,12.13,10.55,96.91,94.39,94.39,3.09,7.07
11.0485,0.306,0.0,-8.38,4.01,0.23,9.12,10.41,9.28,97.02,94.47,94.47,2.79,6.81
11.0650,0.301,0.0,-9.79,4.33,0.56,10.49,12.24,10.69,97.03,94.49,94.49,3.06,7.05
11.0815,0.309,0.0,-6.13,3.51,-0.29,6.91,7.39,7.04,97.15,94.65,94.65,2.44,6.36
11.0980,0.318,0.0,-8.81,4.10,0.33,9.53,11.08,9.70,96.89,94.36,94.36,2.97,6.98
11.1145,0.317,0.0,-9.98,4.36,0.60,10.67,12.62,10.88,96.81,94.30,94.30,3.22,7.19
11.1310,0.321,0.0,-8.31,3.99,0.22,9.04,10.31,9.20,96.99,94.44,94.44,2.78,6.80
11.1475,0.326,0.0,-5.56,3.38,-0.42,6.36,6.56,6.48,97.31,94.83,94.83,2.36,6.19
11.1640,0.324,0.0,-6.63,3.62,-0.17,7.41,7.98,7.54,97.29,94.75,94.75,2.44,6.39
11.1805,0.331,0.0,-6.88,3.67,-0.11,7.64,8.44,7.77,97.06,94.53,94.53,2.57,6.56
11.1970,0.322,0.0,-8.62,4.06,0.29,9.34,10.77,9.51,96.95,94.41,94.41,2.88,6.89
11.2135,0.323,0.0,-10.71,4.53,0.77,11.40,13.46,11.62,97.03,94.53,94.53,3.28,7.22
11.2300,0.328,0.0,-8.94,4.14,0.36,9.66,11.07,9.82,97.09,94.53,94.53,2.83,6.85
11.2465,0.323,0.0,-11.12,4.62,0.87,11.79,14.11,12.03,96.82,94.36,94.36,3.49,7.38
11.2630,0.329,0.0,-8.44,4.02,0.25,9.16,10.52,9.32,96.94,94.40,94.40,2.84,6.86
11.2795,0.319,0.0,-6.52,3.60,-0.20,7.30,7.82,7.42,97.17,94.64,94.64,2.42,6.36
11.2960,0.330,0.0,-8.15,3.96,0.18,8.88,10.14,9.04,96.94,94.40,94.40,2.78,6.80
11.3125,0.335,0.0,-9.70,4.30,0.54,10.40,12.26,10.60,96.83,94.31,94.31,3.16,7.14
11.3290,0.344,0.0,-8.50,4.03,0.26,9.23,10.57,9.39,96.96,94.41,94.41,2.82,6.84
11.3455,0.349,0.0,-6.64,3.62,-0.17,7.42,8.01,7.55,97.23,94.69,94.69,2.45,6.40
11.3620,0.353,0.0,-8.93,4.13,0.36,9.65,11.11,9.82,97.05,94.50,94.50,2.88,6.89
11.3785,0.357,0.0,-9.49,4.25,0.49,10.20,11.95,10.39,96.84,94.32,94.32,3.09,7.08
11.3950,0.355,0.0,-9.26,4.21,0.43,9.98,11.53,10.15,97.08,94.53,94.53,2.92,6.93
11.4115,0.359,0.0,-4.87,3.23,-0.58,5.69,5.58,5.82,97.41,94.96,94.96,2.32,6.07
11.4280,0.363,0.0,-9.39,4.23,0.47,10.10,11.77,10.28,96.97,94.43,94.43,3.02,7.02
11.4445,0.374,0.0,-6.57,3.61,-0.19,7.35,7.79,7.47,97.39,94.84,94.84,2.36,6.29
11.4610,0.392,0.0,-6.74,3.64,-0.15,7.51,8.17,7.63,97.16,94.62,94.62,2.49,6.46
11.4775,0.387,0.0,-6.63,3.63,-0.17,7.42,7.85,7.53,97.44,94.89,94.89,2.35,6.28
11.4940,0.389,0.0,-6.66,3.63,-0.16,7.44,8.06,7.56,97.19,94.66,94.66,2.47,6.43
11.5105,0.385,0.0,-9.97,4.36,0.60,10.66,12.58,10.87,96.92,94.40,94.40,3.20,7.17
11.5270,0.391,0.0,-5.58,3.39,-0.41,6.38,6.72,6.50,97.10,94.63,94.63,2.43,6.31
11.5435,0.394,0.0,-8.23,3.98,0.20,8.98,10.13,9.12,97.14,94.58,94.58,2.69,6.71
11.5600,0.399,0.0,-7.48,3.81,0.02,8.24,9.11,8.38,97.17,94.61,94.61,2.55,6.56
11.5765,0.407,0.0,-7.14,3.74,-0.06,7.91,8.58,8.03,97.35,94.79,94.79,2.45,6.43
11.5930,0.408,0.0,-7.24,3.76,-0.03,8.00,8.81,8.13,97.17,94.63,94.63,2.54,6.53
11.6095,0.415,0.0,-7.84,3.89,0.11,8.59,9.68,8.73,97.03,94.48,94.48,2.68,6.70
11.6260,0.423,0.0,-11.05,4.61,0.85,11.73,14.03,11.96,96.83,94.36,94.36,3.49,7.38
11.6425,0.418,0.0,-6.32,3.56,-0.24,7.11,7.63,7.22,97.17,94.66,94.66,2.45,6.39
11.6590,0.409,0.0,-7.79,3.88,0.10,8.53,9.59,8.68,97.00,94.46,94.46,2.66,6.68
11.6755,0.418,0.0,-7.68,3.86,0.07,8.44,9.35,8.58,97.19,94.63,94.63,2.56,6.57
11.6920,0.427,0.0,-7.56,3.82,0.05,8.30,9.41,8.45,96.90,94.38,94.38,2.73,6.74
11.7085,0.425,0.0,-5.68,3.41,-0.39,6.47,6.75,6.60,97.22,94.73,94.73,2.38,6.25
11.7250,0.437,0.0,-6.71,3.64,-0.15,7.48,8.18,7.61,97.05,94.53,94.53,2.52,6.49
11.7415,0.446,0.0,-7.88,3.89,0.12,8.61,9.85,8.77,96.90,94.37,94.37,2.79,6.81
11.7580,0.440,0.0,-9.91,4.35,0.59,10.61,12.51,10.81,96.83,94.31,94.31,3.20,7.16
11.7745,0.445,0.0,-6.82,3.66,-0.12,7.59,8.33,7.72,96.98,94.46,94.46,2.53,6.51
11.7910,0.450,0.0,-6.69,3.63,-0.16,7.47,8.09,7.60,97.13,94.60,94.60,2.47,6.43
11.8075,0.455,0.0,-8.53,4.04,0.27,9.25,10.69,9.42,96.83,94.30,94.30,2.90,6.91
11.8240,0.457,0.0,-7.75,3.87,0.09,8.50,9.49,8.65,97.13,94.57,94.57,2.61,6.62
11.8405,0.461,0.0,-7.06,3.72,-0.07,7.83,8.56,7.95,97.22,94.67,94.67,2.50,6.49
11.8570,0.463,0.0,-8.57,4.05,0.28,9.30,10.64,9.46,97.04,94.49,94.49,2.81,6.83
11.8735,0.476,0.0,-8.85,4.12,0.34,9.58,10.99,9.75,97.10,94.54,94.54,2.85,6.87
11.8900,0.493,0.0,-9.11,4.17,0.40,9.83,11.38,10.01,97.00,94.46,94.46,2.94,6.95
11.9065,0.498,0.0,-7.69,3.85,0.08,8.44,9.54,8.59,96.98,94.44,94.44,2.71,6.73
11.9230,0.501,0.0,-11.23,4.64,0.89,11.90,14.25,12.13,96.76,94.31,94.31,3.51,7.40
11.9395,0.510,0.0,-7.18,3.74,-0.04,7.94,8.75,8.07,97.10,94.56,94.56,2.54,6.54
11.9560,0.521,0.0,-7.05,3.71,-0.07,7.82,8.63,7.95,97.10,94.56,94.56,2.56,6.56
11.9725,0.532,0.0,-7.86,3.89,0.11,8.61,9.67,8.75,97.08,94.53,94.53,2.66,6.68
11.9890,0.543,0.0,-7.03,3.70,-0.08,7.78,8.73,7.92,96.97,94.46,94.46,2.67,6.67
12.0055,0.540,0.0,-5.47,3.36,-0.44,6.27,6.43,6.39,97.30,94.82,94.82,2.36,6.19
12.0220,0.532,0.0,-7.27,3.76,-0.02,8.03,8.92,8.16,97.11,94.57,94.57,2.60,6.60
12.0385,0.541,0.0,-7.68,3.85,0.08,8.43,9.51,8.57,96.96,94.42,94.42,2.69,6.71
12.0550,0.546,0.0,-5.64,3.40,-0.40,6.43,6.74,6.55,97.13,94.64,94.64,2.41,6.28
12.0715,0.540,0.0,-4.37,3.12,-0.69,5.19,5.07,5.34,97.28,94.88,94.88,2.38,6.13
12.0880,0.530,0.0,-8.62,4.06,0.29,9.34,10.73,9.50,96.94,94.40,94.40,2.84,6.86
12.1045,0.540,0.0,-8.05,3.93,0.16,8.78,10.07,8.94,96.86,94.33,94.33,2.82,6.84
12.1210,0.540,0.0,-7.05,3.71,-0.07,7.82,8.53,7.95,97.11,94.56,94.56,2.48,6.46
12.1375,0.558,0.0,-10.40,4.46,0.70,11.09,13.12,11.30,96.87,94.37,94.37,3.26,7.21
12.1540,0.553,0.0,-8.47,4.04,0.25,9.20,10.48,9.35,97.08,94.53,94.53,2.77,6.79
12.1705,0.564,0.0,-9.86,4.34,0.58,10.56,12.41,10.76,96.90,94.38,94.38,3.14,7.12
12.1870,0.572,0.0,-6.23,3.53,-0.26,7.02,7.41,7.13,97.25,94.72,94.72,2.38,6.29
12.2035,0.585,0.0,-8.22,3.97,0.20,8.96,10.23,9.11,96.96,94.41,94.41,2.79,6.81
12.2200,0.598,0.0,-9.88,4.34,0.58,10.57,12.47,10.78,96.79,94.28,94.28,3.19,7.16
12.2365,0.607,0.0,-7.59,3.83,0.05,8.33,9.44,8.48,97.00,94.47,94.47,2.73,6.75
12.2530,0.600,0.0,-9.00,4.15,0.38,9.72,11.23,9.89,97.02,94.48,94.48,2.92,6.93
12.2695,0.604,0.0,-8.21,3.97,0.19,8.95,10.09,9.10,97.13,94.57,94.57,2.68,6.70
12.2860,0.604,0.0,-8.78,4.10,0.33,9.51,10.89,9.68,97.11,94.55,94.55,2.82,6.84
12.3025,0.600,0.0,-6.97,3.70,-0.09,7.75,8.42,7.87,97.23,94.69,94.69,2.47,6.44
12.3190,0.619,0.0,-7.71,3.86,0.08,8.46,9.39,8.60,97.28,94.72,94.72,2.57,6.58
12.3355,0.629,0.0,-7.24,3.76,-0.03,8.00,8.91,8.14,97.07,94.53,94.53,2.61,6.61
12.3520,0.628,0.0,-5.93,3.46,-0.33,6.71,7.22,6.84,96.99,94.51,94.51,2.50,6.42
12.3685,0.626,0.0,-9.86,4.34,0.58,10.56,12.38,10.75,96.98,94.46,94.46,3.12,7.10
12.3850,0.627,0.0,-7.81,3.88,0.10,8.55,9.60,8.70,97.06,94.51,94.51,2.65,6.67
12.4015,0.635,0.0,-6.74,3.65,-0.15,7.52,8.15,7.65,97.30,94.76,94.76,2.47,6.44
12.4180,0.634,0.0,-8.08,3.94,0.16,8.82,9.99,8.97,97.12,94.57,94.57,2.73,6.75
12.4345,0.656,0.0,-6.45,3.58,-0.21,7.23,7.86,7.36,96.99,94.48,94.48,2.50,6.46
12.4510,0.658,0.0,-11.20,4.63,0.89,11.87,14.22,12.10,96.76,94.31,94.31,3.52,7.40
12.4675,0.664,0.0,-9.90,4.35,0.59,10.60,12.49,10.79,96.87,94.36,94.36,3.18,7.15
12.4840,0.663,0.0,-8.66,4.07,0.30,9.40,10.64,9.55,97.19,94.62,94.62,2.72,6.74
12.5005,0.663,0.0,-7.98,3.92,0.14,8.72,9.85,8.86,97.04,94.50,94.50,2.70,6.72
12.5170,0.665,0.0,-8.27,3.99,0.21,9.00,10.25,9.16,97.12,94.57,94.57,2.77,6.79
12.5335,0.669,0.0,-10.40,4.46,0.70,11.09,13.15,11.30,96.86,94.37,94.37,3.30,7.24
12.5500,0.663,0.0,-8.28,3.99,0.21,9.01,10.30,9.17,96.99,94.45,94.45,2.79,6.81
12.5665,0.676,0.0,-9.55,4.27,0.51,10.25,12.03,10.43,96.84,94.32,94.32,3.12,7.10
12.5830,0.688,0.0,-8.51,4.03,0.27,9.23,10.71,9.40,96.77,94.25,94.25,2.94,6.95
12.5995,0.707,0.0,-11.14,4.62,0.88,11.81,14.19,12.05,96.72,94.27,94.27,3.55,7.43
12.6160,0.697,0.0,-7.10,3.73,-0.06,7.87,8.63,8.00,97.17,94.63,94.63,2.52,6.51
12.6325,0.699,0.0,-9.16,4.18,0.42,9.87,11.55,10.05,96.83,94.30,94.30,3.05,7.05
12.6490,0.702,0.0,-7.75,3.87,0.09,8.50,9.51,8.64,97.19,94.64,94.64,2.63,6.65
12.6655,0.708,0.0,-6.38,3.57,-0.23,7.16,7.65,7.28,97.28,94.76,94.76,2.42,6.35
12.6820,0.706,0.0,-8.50,4.03,0.26,9.22,10.61,9.39,96.93,94.39,94.39,2.86,6.88
12.6985,0.700,0.0,-9.82,4.33,0.57,10.53,12.31,10.72,96.99,94.46,94.46,3.08,7.07
12.7150,0.707,0.0,-9.22,4.19,0.43,9.94,11.55,10.11,96.93,94.39,94.39,2.99,6.99
12.7315,0.719,0.0,-7.56,3.83,0.05,8.31,9.32,8.45,97.11,94.57,94.57,2.65,6.66
12.7480,0.713,0.0,-9.67,4.30,0.53,10.37,12.11,10.56,96.97,94.44,94.44,3.06,7.05
12.7645,0.715,0.0,-7.69,3.86,0.07,8.45,9.40,8.59,97.25,94.70,94.70,2.60,6.61
12.7810,0.717,0.0,-8.72,4.08,0.32,9.45,10.82,9.62,96.98,94.43,94.43,2.82,6.84
